t,dt,cost,slope,err
0.01000,0.01000,1495.43343,1.00000,0.52069
0.02000,0.01000,194.82355,1.00000,0.52063
0.03000,0.01000,1911.34773,1.00000,0.52040
0.04000,0.01000,122.97405,1.00000,0.52039
0.05000,0.01000,105.78694,1.00000,0.52039
0.06000,0.01000,122.97863,1.00000,0.52039
0.07000,0.01000,363.70070,1.00000,0.52039
0.08000,0.01000,143.65259,1.00000,0.52039
0.09000,0.01000,122.97604,1.00000,0.52038
0.10000,0.01000,208.89647,1.00000,0.52037
0.11000,0.01000,191.81120,1.00000,0.52037
0.12000,0.01000,174.57574,1.00000,0.52036
0.13000,0.01000,140.19763,1.00000,0.52036
0.14000,0.01000,123.01600,1.00000,0.52036
0.15000,0.01000,105.79928,1.00000,0.52036
0.16000,0.01000,105.76601,1.00000,0.52036
0.17000,0.01000,106.08987,1.00000,0.52036
0.18000,0.01000,105.81308,1.00000,0.52036
0.19000,0.01000,105.80050,1.00000,0.52036
0.20000,0.01000,106.17652,1.00000,0.52037
0.21000,0.01000,107.11514,1.00000,0.52037
0.22000,0.01000,114.52006,1.00000,0.52038
0.23000,0.01000,106.90830,1.00000,0.52039
0.24000,0.01000,299.10341,1.00000,0.52042
0.25000,0.01000,266.66196,1.00000,0.52045
0.26000,0.01000,109.06375,1.00000,0.52045
0.27000,0.01000,107.00281,1.00000,0.52046
0.28000,0.01000,108.76948,1.00000,0.52046
0.29000,0.01000,111.54747,1.00000,0.52046
0.30000,0.01000,107.12564,-19.91014,0.52046
0.31010,0.01010,105.78384,-12.24934,0.52046
0.32030,0.01020,105.23584,-12.94349,0.52046
0.33060,0.01030,104.02381,-1.76750,0.52045
0.34101,0.01041,118.47712,-2.02773,0.52045
0.35152,0.01051,120.32191,-2.39258,0.52044
0.36214,0.01062,117.41612,-2.66409,0.52044
0.37286,0.01072,115.83764,-1.28315,0.52044
0.38369,0.01083,115.06961,-1.31445,0.52044
0.39462,0.01094,114.03518,-1.48231,0.52044
0.40567,0.01105,111.47574,-1.07015,0.52044
0.41683,0.01116,110.56577,-0.73835,0.52044
0.42809,0.01127,109.21832,-0.49795,0.52043
0.43947,0.01138,108.10268,-0.47276,0.52043
0.45097,0.01149,107.08854,-0.55832,0.52041
0.46258,0.01161,91.20080,-0.85804,0.52040
0.47430,0.01173,90.56172,-1.15562,0.52039
0.48615,0.01184,89.48415,-1.45114,0.52038
0.49811,0.01196,88.50458,-1.74751,0.52038
0.51019,0.01208,88.92242,-2.03357,0.52037
0.52239,0.01220,100.88099,-2.23237,0.52036
0.53472,0.01232,99.92201,-2.42853,0.52036
0.54716,0.01245,98.87164,-2.57720,0.52036
0.55973,0.01257,98.77944,-2.77200,0.52036
0.57243,0.01270,97.06879,-1.64873,0.52037
0.58526,0.01282,97.02838,-0.65956,0.52038
0.59821,0.01295,95.38113,-0.69243,0.52039
0.61129,0.01308,94.20136,-0.74104,0.52041
0.62450,0.01321,93.32049,-0.77744,0.52043
0.63785,0.01335,92.51925,-0.79299,0.52046
0.65133,0.01348,91.61918,-0.83637,0.52049
0.66494,0.01361,90.80388,-0.88737,0.52052
0.67869,0.01375,102.08612,-0.86269,0.52055
0.69258,0.01389,101.31032,-0.84997,0.52058
0.70660,0.01403,100.15907,-0.74380,0.52061
0.72077,0.01417,99.12174,-0.62344,0.52064
0.73508,0.01431,98.13478,-0.52006,0.52066
0.74953,0.01445,85.89116,-0.49798,0.52068
0.76412,0.01460,84.48033,-0.47697,0.52070
0.77886,0.01474,83.57262,-0.45534,0.52072
0.79375,0.01489,83.36841,-0.43913,0.52074
0.80879,0.01504,82.35584,-0.42322,0.52075
0.82398,0.01519,81.28694,-0.41095,0.52075
0.83932,0.01534,80.54280,-0.39874,0.52076
0.85481,0.01549,80.05839,-0.38439,0.52076
0.87046,0.01565,79.11353,-0.47368,0.52075
0.88626,0.01580,77.93891,-0.56958,0.52075
0.90223,0.01596,77.20178,-0.67205,0.52074
0.91835,0.01612,76.38988,-0.78105,0.52073
0.93463,0.01628,76.64658,-0.88012,0.52073
0.95108,0.01645,74.85725,-0.90280,0.52073
0.96769,0.01661,74.15131,-0.92506,0.52073
0.98447,0.01678,73.90264,-0.94471,0.52073
1.00141,0.01694,72.68247,-0.96176,0.52074
1.01852,0.01711,82.20943,-0.91753,0.52076
1.03581,0.01729,81.30240,-0.87282,0.52078
1.05327,0.01746,81.09824,-0.83379,0.52080
1.07090,0.01763,79.61469,-0.80611,0.52083
1.08871,0.01781,78.78380,-0.78338,0.52087
1.10670,0.01799,78.60600,-0.76085,0.52091
1.12486,0.01817,77.55595,-0.74511,0.52095
1.14321,0.01835,76.70072,-0.73426,0.52100
1.16174,0.01853,75.96815,-0.64405,0.52104
1.18046,0.01872,75.15996,-0.55278,0.52108
1.19937,0.01890,65.31781,-0.52132,0.52112
1.21846,0.01909,64.83866,-0.48459,0.52116
1.23774,0.01928,64.89595,-0.43905,0.52119
1.25722,0.01948,63.25518,-0.47375,0.52122
1.27689,0.01967,63.23242,-0.50825,0.52125
1.29676,0.01987,71.09836,-0.48881,0.52127
1.31683,0.02007,70.24245,-0.47075,0.52129
1.33710,0.02027,69.83069,-0.45649,0.52131
1.35757,0.02047,68.56283,-0.45221,0.52132
1.37825,0.02068,67.88228,-0.45178,0.52133
1.39913,0.02088,67.21955,-0.45335,0.52134
1.42022,0.02109,66.54155,-0.46009,0.52135
1.44152,0.02130,73.97408,-0.42138,0.52136
1.46304,0.02152,73.18186,-0.39111,0.52138
1.48477,0.02173,72.49375,-0.36908,0.52140
1.50672,0.02195,71.76070,-0.34828,0.52142
1.52888,0.02217,71.08089,-0.34204,0.52144
1.55127,0.02239,70.33264,-0.34381,0.52147
1.57388,0.02261,69.66590,-0.34989,0.52150
1.59672,0.02284,68.98451,-0.36691,0.52154
1.61979,0.02307,68.30761,-0.32094,0.52158
1.64309,0.02330,68.37290,-0.27462,0.52162
1.66662,0.02353,66.93598,-0.23322,0.52166
1.69038,0.02377,66.26981,-0.20006,0.52171
1.71439,0.02400,66.30916,-0.16643,0.52176
1.73863,0.02424,64.97931,-0.13706,0.52181
1.76312,0.02449,64.30728,-0.11320,0.52185
1.78785,0.02473,63.72685,-0.09309,0.52189
1.81283,0.02498,63.13392,-0.07608,0.52193
1.83806,0.02523,69.24879,-0.01949,0.52196
1.86354,0.02548,68.81712,-0.03093,0.52199
1.88927,0.02574,68.22269,-0.05106,0.52202
1.91527,0.02599,67.23347,-0.07869,0.52205
1.94152,0.02625,69.97055,-0.10102,0.52207
1.96803,0.02652,66.58549,-0.14833,0.52210
1.99481,0.02678,65.74494,-0.14830,0.52212
2.02186,0.02705,65.43592,-0.15379,0.52214
2.04918,0.02732,64.81024,-0.16402,0.52216
2.07677,0.02759,63.50957,-0.18915,0.52219
2.10464,0.02787,68.89372,-0.18199,0.52221
2.13279,0.02815,69.39783,-0.17660,0.52225
2.16121,0.02843,69.60744,-0.17550,0.52228
2.18993,0.02871,67.82058,-0.13603,0.52233
2.21893,0.02900,66.42077,-0.10832,0.52238
2.24822,0.02929,65.50367,-0.08826,0.52242
2.27780,0.02958,65.18410,-0.07222,0.52247
2.30768,0.02988,64.60823,-0.06164,0.52252
2.33785,0.03018,63.76845,-0.05877,0.52256
2.36833,0.03048,63.80685,-0.05733,0.52260
2.39911,0.03078,62.37028,-0.06724,0.52264
2.43020,0.03109,67.32829,-0.04690,0.52267
2.46161,0.03140,66.61382,-0.03028,0.52270
2.49332,0.03172,71.37642,0.00794,0.52272
2.52473,0.03140,72.07091,0.04407,0.52274
2.55582,0.03109,72.81556,0.08270,0.52276
2.58660,0.03078,73.50823,0.11373,0.52278
2.61708,0.03048,74.24591,0.14108,0.52280
2.64725,0.03018,75.02229,0.16503,0.52283
2.67713,0.02988,75.71873,0.18435,0.52285
2.70671,0.02958,76.50100,0.24528,0.52288
2.73600,0.02929,77.27597,0.30502,0.52291
2.76500,0.02900,72.10674,0.32354,0.52294
2.79372,0.02871,72.82350,0.33814,0.52298
2.82214,0.02843,73.57222,0.37395,0.52301
2.85029,0.02815,74.28116,0.38939,0.52304
2.87816,0.02787,75.09482,0.40086,0.52307
2.90575,0.02759,75.76978,0.41040,0.52309
2.93307,0.02732,76.54583,0.41602,0.52311
2.96012,0.02705,77.29599,0.41230,0.52313
2.98690,0.02678,78.09986,0.44476,0.52314
3.01341,0.02652,85.33750,0.52329,0.52315
3.03966,0.02625,79.67497,0.55964,0.52316
3.06566,0.02599,80.49823,0.58451,0.52317
3.09139,0.02574,87.97941,0.64234,0.52318
3.11687,0.02548,83.55935,0.65574,0.52319
3.14210,0.02523,83.48798,0.65845,0.52320
3.16708,0.02498,90.61321,0.69500,0.52321
3.19181,0.02473,84.59811,0.67539,0.52323
3.21630,0.02449,85.40442,0.65198,0.52324
3.24054,0.02424,86.28557,0.61473,0.52325
3.26455,0.02400,87.12422,0.60645,0.52327
3.28831,0.02377,80.76956,0.54343,0.52328
3.31184,0.02353,89.40434,0.56267,0.52330
3.33514,0.02330,83.16258,0.53841,0.52331
3.35821,0.02307,91.22432,0.56636,0.52332
3.38105,0.02284,84.58889,0.54808,0.52333
3.40366,0.02261,84.98346,0.53251,0.52333
3.42605,0.02239,86.15935,0.52511,0.52334
3.44821,0.02217,86.57095,0.52020,0.52334
3.47016,0.02195,87.51224,0.52194,0.52334
3.49189,0.02173,88.79729,0.53241,0.52334
3.51341,0.02152,89.71083,0.50800,0.52334
3.53471,0.02130,96.39713,0.52383,0.52334
3.55580,0.02109,95.26377,0.52703,0.52333
3.57668,0.02088,93.53318,0.51431,0.52333
3.59736,0.02068,100.89216,0.54610,0.52333
3.61783,0.02047,95.00542,0.53309,0.52333
3.63810,0.02027,94.75797,0.51528,0.52333
3.65817,0.02007,96.21243,0.50393,0.52332
3.67804,0.01987,97.23799,0.49631,0.52332
3.69771,0.01967,98.08780,0.53558,0.52332
3.71719,0.01948,99.13978,0.53691,0.52332
3.73647,0.01928,100.11430,0.54155,0.52332
3.75556,0.01909,101.15787,0.59578,0.52332
3.77447,0.01890,101.55113,0.61621,0.52331
3.79319,0.01872,103.37745,0.63992,0.52331
3.81172,0.01853,103.99140,0.70788,0.52330
3.83007,0.01835,113.74253,0.79131,0.52330
3.84823,0.01817,113.49945,0.86578,0.52329
3.86622,0.01799,113.75897,0.93549,0.52328
3.88403,0.01781,112.09481,0.98802,0.52327
3.90166,0.01763,118.60696,1.02763,0.52326
3.91912,0.01746,113.49119,1.07696,0.52324
3.93641,0.01729,116.47623,1.09177,0.52323
3.95352,0.01711,114.85772,1.13692,0.52322
3.97046,0.01694,113.62568,1.11785,0.52320
3.98724,0.01678,114.86160,1.09655,0.52319
4.00385,0.01661,116.84778,1.08288,0.52317
4.02030,0.01645,118.44394,1.06869,0.52316
4.03658,0.01628,118.22260,1.04539,0.52315
4.05270,0.01612,130.14045,1.09417,0.52313
4.06867,0.01596,131.44480,1.13927,0.52312
4.08447,0.01580,132.74228,1.22029,0.52310
4.10012,0.01565,134.12367,1.28623,0.52309
4.11561,0.01549,135.44132,1.33144,0.52308
4.13095,0.01534,139.36055,1.43405,0.52306
4.14614,0.01519,138.31317,1.47219,0.52305
4.16118,0.01504,140.30308,1.50218,0.52303
4.17607,0.01489,155.72042,1.62141,0.52301
4.19081,0.01474,155.18194,1.71777,0.52300
4.20540,0.01460,169.87155,1.88897,0.52298
4.21985,0.01445,157.43869,1.95527,0.52296
4.23416,0.01431,171.39096,2.09238,0.52294
4.24833,0.01417,173.45661,2.21829,0.52292
4.26235,0.01403,187.40689,2.40475,0.52290
4.27624,0.01389,189.17651,2.57702,0.52287
4.28999,0.01375,190.89966,2.72646,0.52285
4.30360,0.01361,194.98606,2.93085,0.52283
4.31708,0.01348,196.16074,3.10499,0.52281
4.33043,0.01335,197.20928,3.25091,0.52279
4.34364,0.01321,191.03303,3.30838,0.52276
4.35672,0.01308,187.98590,3.35597,0.52274
4.36967,0.01295,188.38006,3.33996,0.52272
4.38250,0.01282,203.74657,3.41035,0.52270
4.39520,0.01270,205.74010,3.44361,0.52268
4.40777,0.01257,208.91156,3.44840,0.52266
4.42021,0.01245,210.44086,3.42918,0.52264
4.43254,0.01232,217.79527,3.42858,0.52262
4.44474,0.01220,218.03198,3.39560,0.52260
4.45682,0.01208,204.42141,3.22897,0.52258
4.46878,0.01196,222.07698,3.22009,0.52256
4.48063,0.01184,206.68197,3.07997,0.52254
4.49235,0.01173,208.95046,2.92996,0.52252
4.50396,0.01161,211.11136,2.76952,0.52249
4.51546,0.01149,212.56255,2.59326,0.52247
4.52684,0.01138,214.32112,2.42107,0.52245
4.53810,0.01127,222.12590,2.25866,0.52243
4.54926,0.01116,220.64560,2.06312,0.52240
4.56031,0.01105,223.00905,1.95342,0.52238
4.57124,0.01094,223.59300,1.81383,0.52236
4.58207,0.01083,228.68648,1.77796,0.52234
4.59279,0.01072,252.96820,1.78685,0.52232
4.60341,0.01062,232.62834,1.71822,0.52229
4.61392,0.01051,242.83947,1.70247,0.52227
4.62433,0.01041,243.37454,1.75552,0.52226
4.63463,0.01030,238.88820,1.76691,0.52224
4.64483,0.01020,239.10114,1.76945,0.52222
4.65493,0.01010,242.69109,1.80189,0.52220
4.66493,0.01000,249.48732,1.86505,0.52218
4.67483,0.00990,246.63847,1.89333,0.52216
4.68463,0.00980,249.24362,1.87383,0.52215
4.69434,0.00971,244.41556,1.77627,0.52213
4.70395,0.00961,253.57313,1.71540,0.52211
4.71346,0.00951,242.00151,1.65684,0.52209
4.72288,0.00942,241.14858,1.58951,0.52208
4.73221,0.00933,243.15150,1.54121,0.52206
4.74145,0.00923,245.00182,1.50017,0.52204
4.75059,0.00914,248.56977,1.51749,0.52202
4.75964,0.00905,250.06661,1.53240,0.52201
4.76861,0.00896,253.89905,1.46392,0.52199
4.77748,0.00887,216.54233,1.25418,0.52197
4.78627,0.00879,248.96055,1.14988,0.52196
4.79497,0.00870,223.37860,0.87736,0.52194
4.80358,0.00861,222.42741,0.60720,0.52193
4.81211,0.00853,224.63187,0.35623,0.52191
4.82055,0.00844,228.82245,0.13905,0.52189
4.82891,0.00836,231.69923,-0.01220,0.52188
4.83736,0.00844,226.85448,-0.20917,0.52186
4.84588,0.00853,224.58792,-0.40722,0.52185
4.85450,0.00861,222.38538,-0.61616,0.52184
4.86320,0.00870,220.20804,-0.80348,0.52182
4.87198,0.00879,217.90309,-0.83444,0.52181
4.88086,0.00887,216.26722,-1.00063,0.52179
4.88982,0.00896,214.49295,-1.10056,0.52178
4.89887,0.00905,211.61136,-1.20279,0.52176
4.90802,0.00914,228.33322,-1.21393,0.52175
4.91725,0.00923,207.45385,-1.35362,0.52174
4.92658,0.00933,242.35369,-1.22931,0.52172
4.93600,0.00942,248.66076,-1.01728,0.52171
4.94552,0.00951,241.74881,-0.86913,0.52169
4.95513,0.00961,244.55375,-0.68274,0.52168
4.96483,0.00971,235.34022,-0.58700,0.52167
4.97463,0.00980,230.95448,-0.45237,0.52165
4.98454,0.00990,248.22959,-0.27602,0.52164
4.99454,0.01000,234.03611,-0.19990,0.52162
5.00464,0.01010,224.84833,-0.16607,0.52161
5.01484,0.01020,222.03829,-0.12947,0.52159
5.02514,0.01030,221.56506,-0.06110,0.52158
5.03555,0.01041,221.55363,0.02954,0.52156
5.04585,0.01030,231.25640,0.22189,0.52155
5.05605,0.01020,224.28061,0.12168,0.52154
5.06615,0.01010,226.61554,0.25666,0.52152
5.07615,0.01000,227.05531,0.22800,0.52151
5.08605,0.00990,229.35439,0.20597,0.52149
5.09585,0.00980,231.59196,0.21050,0.52148
5.10556,0.00971,233.74577,0.25473,0.52147
5.11517,0.00961,236.27345,0.33292,0.52146
5.12468,0.00951,238.61621,0.39077,0.52145
5.13410,0.00942,204.47642,0.20750,0.52143
5.14343,0.00933,243.21878,0.26794,0.52142
5.15267,0.00923,208.61751,0.08087,0.52141
5.16181,0.00914,210.54582,-0.10451,0.52140
5.17104,0.00923,245.74443,-0.07081,0.52139
5.18037,0.00933,206.33812,-0.31669,0.52138
5.18979,0.00942,241.16504,-0.35413,0.52137
5.19931,0.00951,238.61829,-0.30583,0.52136
5.20892,0.00961,249.32808,-0.33700,0.52135
5.21862,0.00971,235.70959,-0.23397,0.52134
5.22843,0.00980,232.88887,-0.10269,0.52133
5.23833,0.00990,231.29421,-0.02235,0.52132
5.24833,0.01000,228.92819,0.06672,0.52131
5.25823,0.00990,230.94011,0.11218,0.52130
5.26803,0.00980,234.34595,0.15133,0.52129
5.27774,0.00971,218.85418,0.20816,0.52128
5.28735,0.00961,220.42187,0.19028,0.52127
5.29686,0.00951,223.04397,0.13202,0.52126
5.30628,0.00942,225.04090,0.06807,0.52124
5.31561,0.00933,227.61318,0.01611,0.52123
5.32484,0.00923,228.33934,-0.03394,0.52122
5.33417,0.00933,224.71871,-0.04345,0.52121
5.34359,0.00942,222.52755,-0.11229,0.52120
5.35311,0.00951,256.45958,0.05467,0.52119
5.36253,0.00942,222.66640,-0.00664,0.52118
5.37204,0.00951,256.56336,0.16854,0.52117
5.38146,0.00942,241.01078,0.24672,0.52116
5.39079,0.00933,243.30070,0.35033,0.52115
5.40002,0.00923,227.30192,0.36390,0.52114
5.40917,0.00914,267.07221,0.65421,0.52113
5.41822,0.00905,231.60711,0.46760,0.52112
5.42718,0.00896,253.08527,0.67467,0.52112
5.43606,0.00887,236.17428,0.52963,0.52111
5.44484,0.00879,258.47965,0.52952,0.52110
5.45354,0.00870,241.07290,0.63854,0.52109
5.46216,0.00861,243.56380,0.49394,0.52108
5.47068,0.00853,245.94821,0.58834,0.52107
5.47913,0.00844,248.44078,0.67913,0.52106
5.48749,0.00836,251.21447,0.85731,0.52105
5.49577,0.00828,253.43668,0.95506,0.52104
5.50396,0.00820,255.98907,1.04194,0.52103
5.51208,0.00811,266.13879,1.17303,0.52103
5.52011,0.00803,260.48176,1.23580,0.52102
5.52806,0.00795,274.60086,1.38949,0.52101
5.53594,0.00788,269.25975,1.51279,0.52100
5.54374,0.00780,270.16467,1.51956,0.52099
5.55146,0.00772,249.33706,1.37993,0.52098
5.55910,0.00764,274.55000,1.40818,0.52097
5.56667,0.00757,254.52392,1.29809,0.52096
5.57416,0.00749,257.35918,1.21092,0.52095
5.58158,0.00742,259.72041,1.13075,0.52094
5.58893,0.00735,262.24167,1.02791,0.52093
5.59620,0.00727,264.54633,0.90813,0.52093
5.60340,0.00720,267.33825,1.02169,0.52092
5.61053,0.00713,270.25371,0.91616,0.52091
5.61759,0.00706,272.76340,1.03942,0.52090
5.62458,0.00699,275.52168,1.06600,0.52089
5.63150,0.00692,278.44407,1.11188,0.52089
5.63835,0.00685,281.17508,1.04941,0.52088
5.64514,0.00678,283.79044,1.25411,0.52087
5.65185,0.00672,286.73432,1.22578,0.52086
5.65850,0.00665,264.62280,1.17840,0.52086
5.66509,0.00658,266.22632,1.01960,0.52085
5.67161,0.00652,268.93574,1.01874,0.52084
5.67806,0.00645,271.53227,0.90993,0.52083
5.68445,0.00639,274.46962,0.82370,0.52083
5.69078,0.00633,277.03855,0.75673,0.52082
5.69704,0.00626,279.91204,0.71166,0.52081
5.70325,0.00620,282.59961,0.68905,0.52081
5.70939,0.00614,285.46667,0.68631,0.52080
5.71547,0.00608,288.52638,0.70665,0.52080
5.72149,0.00602,291.20647,0.79981,0.52079
5.72745,0.00596,265.24705,0.67532,0.52078
5.73335,0.00590,296.97800,0.85080,0.52078
5.73919,0.00584,276.72869,0.84884,0.52077
5.74498,0.00579,325.23287,1.16273,0.52076
5.75071,0.00573,283.06025,1.03641,0.52076
5.75638,0.00567,290.67186,1.11806,0.52075
5.76199,0.00562,279.71462,0.98374,0.52074
5.76755,0.00556,289.08090,0.91819,0.52074
5.77306,0.00550,305.10758,0.95821,0.52073
5.77851,0.00545,289.86973,0.89712,0.52072
5.78390,0.00540,311.80983,0.98118,0.52072
5.78925,0.00534,295.48542,0.95814,0.52071
5.79453,0.00529,302.52515,0.98810,0.52071
5.79977,0.00524,300.60867,1.00865,0.52070
5.80496,0.00519,303.48136,1.05436,0.52069
5.81009,0.00513,306.29461,1.12594,0.52069
5.81518,0.00508,309.48666,1.22456,0.52068
5.82021,0.00503,312.76843,1.34978,0.52068
5.82519,0.00498,315.81597,1.50208,0.52067
5.83012,0.00493,323.86756,1.54089,0.52066
5.83501,0.00488,323.03011,1.55900,0.52066
5.83985,0.00484,325.38067,1.58568,0.52065
5.84464,0.00479,328.77315,1.62705,0.52065
5.84938,0.00474,331.87449,1.68321,0.52064
5.85407,0.00469,335.11106,1.75242,0.52064
5.85872,0.00465,338.24469,1.83584,0.52063
5.86332,0.00460,341.86562,1.93519,0.52063
5.86788,0.00456,345.43304,2.05096,0.52062
5.87239,0.00451,348.70671,2.18227,0.52061
5.87685,0.00447,352.55764,2.33014,0.52061
5.88128,0.00442,356.08201,2.29441,0.52060
5.88566,0.00438,359.28555,2.45777,0.52060
5.88999,0.00434,363.31368,2.47975,0.52060
5.89428,0.00429,366.94458,2.82113,0.52059
5.89853,0.00425,370.26679,2.87455,0.52059
5.90274,0.00421,373.81468,2.96455,0.52058
5.90691,0.00417,377.38793,2.96504,0.52058
5.91103,0.00412,381.37542,3.01239,0.52057
5.91511,0.00408,385.07049,3.15304,0.52057
5.91916,0.00404,389.16712,3.17946,0.52056
5.92316,0.00400,394.73273,3.34891,0.52056
5.92713,0.00396,408.31407,3.45651,0.52056
5.93105,0.00392,401.54261,3.51877,0.52055
5.93494,0.00389,409.09384,3.57247,0.52055
5.93878,0.00385,411.11584,3.61076,0.52054
5.94259,0.00381,416.02171,3.65222,0.52054
5.94636,0.00377,423.48510,3.71501,0.52053
5.95010,0.00373,429.16372,3.78635,0.52053
5.95379,0.00370,426.90471,3.81235,0.52053
5.95746,0.00366,435.52856,3.90008,0.52052
5.96108,0.00362,440.02709,3.96138,0.52052
5.96467,0.00359,444.02698,4.01264,0.52052
5.96822,0.00355,450.21041,4.07440,0.52051
5.97174,0.00352,452.59392,4.11890,0.52051
5.97522,0.00348,456.07621,4.15446,0.52050
5.97867,0.00345,462.80942,4.20126,0.52050
5.98208,0.00341,463.68119,4.22323,0.52050
5.98546,0.00338,467.38097,4.23947,0.52049
5.98881,0.00335,477.35240,4.28836,0.52049
5.99213,0.00331,474.51333,4.28825,0.52048
5.99541,0.00328,482.29503,4.30840,0.52048
5.99865,0.00325,501.89402,4.42092,0.52048
6.00187,0.00322,504.12747,4.51218,0.52047
6.00506,0.00318,522.97612,4.68743,0.52047
6.00821,0.00315,506.98522,4.71300,0.52047
6.01133,0.00312,512.39767,4.73713,0.52046
6.01442,0.00309,534.72517,4.86828,0.52046
6.01748,0.00306,517.69457,4.84706,0.52045
6.02051,0.00303,522.50515,4.82170,0.52045
6.02351,0.00300,531.37990,4.82071,0.52045
6.02648,0.00297,533.42707,4.80802,0.52044
6.02942,0.00294,535.19255,4.83868,0.52044
6.03233,0.00291,539.83577,4.79615,0.52044
6.03522,0.00288,545.26194,4.77916,0.52043
6.03807,0.00285,550.61960,4.75011,0.52043
6.04090,0.00283,556.07708,4.72802,0.52042
6.04370,0.00280,566.10521,4.75979,0.52042
6.04647,0.00277,579.88217,4.85614,0.52042
6.04921,0.00274,573.32180,4.82753,0.52041
6.05192,0.00272,578.79132,4.82854,0.52041
6.05461,0.00269,584.46648,4.83344,0.52041
6.05728,0.00266,590.24455,4.83894,0.52040
6.05991,0.00264,596.03957,4.85941,0.52040
6.06252,0.00261,602.11935,4.87066,0.52040
6.06511,0.00258,608.32692,4.87945,0.52039
6.06766,0.00256,614.37602,4.90595,0.52039
6.07020,0.00253,620.49916,4.91054,0.52039
6.07271,0.00251,626.91116,4.91223,0.52038
6.07519,0.00248,632.96068,4.95074,0.52038
6.07765,0.00246,639.37634,4.94182,0.52038
6.08008,0.00243,645.73183,4.95422,0.52038
6.08249,0.00241,652.29563,5.07141,0.52037
6.08488,0.00239,658.82910,5.17924,0.52037
6.08724,0.00236,665.19418,5.38929,0.52037
6.08958,0.00234,671.67809,5.46762,0.52036
6.09190,0.00232,678.86680,5.55637,0.52036
6.09419,0.00229,685.68802,5.76904,0.52036
6.09646,0.00227,699.67552,5.88733,0.52036
6.09871,0.00225,714.92425,6.05621,0.52035
6.10093,0.00223,727.70039,6.28310,0.52035
6.10314,0.00220,722.05357,6.40034,0.52035
6.10532,0.00218,800.94908,6.95482,0.52034
6.10748,0.00216,887.46761,7.98126,0.52034
6.10962,0.00214,896.76391,8.95043,0.52034
6.11174,0.00212,913.10111,9.90555,0.52034
6.11383,0.00210,913.66037,10.74064,0.52034
6.11591,0.00208,923.32837,11.54815,0.52033
6.11796,0.00206,931.64681,12.34541,0.52033
6.12000,0.00204,941.51713,13.00458,0.52033
6.12201,0.00201,950.64134,13.59652,0.52033
6.12401,0.00199,1241.67777,15.93980,0.52032
6.12598,0.00198,1056.93711,16.83864,0.52032
6.12794,0.00196,1243.21990,18.77162,0.52032
6.12988,0.00194,1077.85074,19.39167,0.52032
6.13179,0.00192,1178.98485,20.49534,0.52032
6.13369,0.00190,1280.55257,22.04209,0.52031
6.13557,0.00188,1293.48600,23.41811,0.52031
6.13743,0.00186,1306.46053,24.62262,0.52031
6.13927,0.00184,1364.70711,25.94227,0.52031
6.14110,0.00182,1401.55146,27.21830,0.52031
6.14290,0.00181,1420.98698,28.32442,0.52030
6.14469,0.00179,1359.97503,28.73725,0.52030
6.14646,0.00177,1397.25111,29.12075,0.52030
6.14822,0.00175,1611.54546,30.60214,0.52030
6.14995,0.00174,1622.43410,31.77742,0.52030
6.15167,0.00172,1424.31755,31.30109,0.52029
6.15337,0.00170,1465.20487,30.80390,0.52029
6.15505,0.00168,1459.58803,30.02011,0.52029
6.15672,0.00167,1669.60214,30.35829,0.52029
6.15837,0.00165,1489.19098,29.19587,0.52029
6.16001,0.00163,1691.99391,28.96410,0.52029
6.16163,0.00162,1497.54744,27.59038,0.52028
6.16323,0.00160,1549.69015,26.83979,0.52028
6.16482,0.00159,1552.07840,25.87408,0.52028
6.16639,0.00157,1989.80339,27.55350,0.52028
6.16794,0.00156,1675.25964,26.72839,0.52028
6.16948,0.00154,1848.12148,26.74633,0.52027
6.17101,0.00152,2076.66662,27.88465,0.52027
6.17252,0.00151,1845.57699,27.09067,0.52027
6.17401,0.00149,1915.60730,26.40918,0.52027
6.17549,0.00148,1826.35456,26.72965,0.52027
6.17696,0.00147,1795.16401,25.31469,0.52027
6.17841,0.00145,1985.20850,26.08205,0.52026
6.17985,0.00144,1982.23711,25.35963,0.52026
6.18127,0.00142,2074.46130,25.52729,0.52026
6.18268,0.00141,2095.21557,26.13088,0.52026
6.18407,0.00139,1992.78758,25.80036,0.52026
6.18545,0.00138,2013.09375,25.37919,0.52026
6.18682,0.00137,2032.96246,25.17349,0.52025
6.18817,0.00135,2054.34264,25.06249,0.52025
6.18951,0.00134,2351.44503,26.71187,0.52025
6.19084,0.00133,2113.37558,25.99055,0.52025
6.19215,0.00131,2133.78772,25.32278,0.52025
6.19345,0.00130,2153.38313,25.93161,0.52025
6.19474,0.00129,2182.58099,26.56283,0.52024
6.19602,0.00127,2333.90092,26.55474,0.52024
6.19728,0.00126,2355.72945,26.56476,0.52024
6.19853,0.00125,2383.09057,26.31634,0.52024
6.19977,0.00124,2401.85681,27.22646,0.52024
6.20099,0.00123,2571.11152,27.65853,0.52024
6.20220,0.00121,5148.19767,45.63420,0.52023
6.20340,0.00120,18516.54916,146.97850,0.52023
6.20459,0.00119,16956.43673,231.04475,0.52023
6.20577,0.00118,17140.60173,309.46057,0.52023
6.20694,0.00117,47122.96172,577.39382,0.52022
6.20809,0.00115,19252.80350,643.26884,0.52022
6.20923,0.00114,46383.04341,877.54889,0.52022
6.21037,0.00113,18297.85421,912.39502,0.52022
6.21149,0.00112,32479.98894,1029.92764,0.52022
6.21259,0.00111,48116.15206,1235.19126,0.52021
6.21369,0.00110,49057.45164,1425.35583,0.52021
6.21478,0.00109,65042.73384,1697.42119,0.52021
6.21586,0.00108,51650.49416,1856.25436,0.52021
