n,t,i,p,u,v,w
1,0.0,1,5.272277019581936e-05,0.0,0.0,0.0
2,0.0,1,0.01592367760188575,0.025507076792261607,0.02550707672268941,0.00948197617462585
3,0.0,2,0.0207105150169741,0.012037513984773655,0.012037514148617947,0.0045430171141558635
4,0.0,3,0.02107495938818635,0.005956783389473027,0.005956783735283586,0.0023077906733918133
5,0.0,4,0.020130261117945324,0.003212151223168792,0.0032121516587528937,0.001283789315012701
6,0.0,5,0.019097629827192358,0.0018840690958900482,0.0018840692152996494,0.0007742744689247524
7,0.0,1,0.028981866117846634,0.01582584683087944,0.01582584669292286,0.0058330341170348575
8,0.0,2,0.03079418583332999,0.006707378110992592,0.006707381480683921,0.0025398197474442758
9,0.0,3,0.030368570328420275,0.003197984383229611,0.0031979936743282617,0.001273158606729528
10,0.0,4,0.029738493367822253,0.0017108795118905265,0.0017109289073289618,0.0007294510387948063
11,0.0,1,0.02443674416207165,0.006510873149297367,0.0065108680188318115,0.002437492857321556
12,0.0,2,0.023004487919662125,0.002317901545029181,0.0023178765568931553,0.0009213795039714817
13,0.0,3,0.022548690243370556,0.0010348423047581066,0.0010347923891566326,0.0004482362944736714
14,0.0,1,0.0366483472033362,0.012977450642314467,0.01297753066551721,0.0044788727991994645
15,0.0,2,0.0393895272878117,0.003927573768390463,0.003927736598215044,0.0014536146742499846
16,0.0,3,0.03918027340296229,0.0016034557686265185,0.0016036312475017306,0.0007286814781760119
17,0.0,1,0.0391495635981256,1.4858351860248354e-06,1.485605421293663e-06,8.586426052116675e-07
18,0.01,1,0.03915706409554905,4.964121233429652e-07,4.962964546823445e-07,3.576024143829401e-07
19,0.01,1,0.05599529167123375,0.01164006926164926,0.011640248942861595,0.004045116195908923
20,0.01,2,0.05681692631961254,0.0033804307866087888,0.0033805187333628135,0.0013383198289864684
21,0.01,3,0.05616600999246333,0.0013341502171303873,0.001333967617579338,0.0006534222248903733
22,0.01,1,0.06762974480774198,0.006879740727585233,0.006880182979299218,0.002432038931430793
23,0.01,2,0.06813019649631488,0.0019407861903698086,0.001940442173831242,0.0009102929408999756
24,0.01,1,0.061675155944621994,0.0028773331976139046,0.00287708289850355,0.0010351571057425422
25,0.01,2,0.061272693744313995,0.0008156539879998128,0.0008154582692261173,0.00035496808054747553
26,0.01,1,0.07775657930811723,0.005291504126452346,0.005292931753855201,0.001780713430456546
27,0.01,2,0.07910467749159618,0.0012214242154896138,0.0012209413479696892,0.0006375933622602027
28,0.01,1,0.07900120004976342,1.43101172810008e-06,1.4303830297630613e-06,8.126207473243184e-07
29,0.02,1,0.0788720935214241,6.662962539803614e-07,6.659070369172449e-07,3.970676663969926e-07
30,0.02,1,0.09651922419246066,0.004865042272862556,0.00486638484741483,0.0017468226723644652
31,0.02,2,0.0961389573681566,0.0011916274212619947,0.0011910824777013863,0.0006647889477081159
32,0.02,1,0.10826096483468699,0.0030850728853788335,0.003085658227838737,0.001334129906152834
33,0.02,2,0.10790419969540424,0.0008607182816748472,0.0008594516928359041,0.0006243972714488325
34,0.02,3,0.10762622418665149,0.00041261612367139136,0.0004115675316704715,0.00036742598896067827
35,0.02,4,0.10749214783112604,0.00027519948593185146,0.0002746168193815362,0.000248336921552606
36,0.02,5,0.10750967579378747,0.00022200567493786398,0.000221713999708373,0.00019898386816284813
37,0.02,6,0.10766680828658075,0.00020420789063690608,0.00020412809793336076,0.00018258870984626016
38,0.02,7,0.10782062718588792,0.0001973703795254379,0.00019735284617715314,0.00017613767904724428
39,0.02,8,0.10796821283707465,0.000191405395250939,0.00019162880608660263,0.0001701128664726236
40,0.02,9,0.10812350880047762,0.00018477014095414287,0.00018526939788754648,0.0001634550870427251
41,0.02,10,0.10821583681825117,0.00017771695641712209,0.0001783721005218806,0.0001569658118920932
42,0.02,11,0.10820974225117122,0.00017062604934638833,0.00017139580994645658,0.0001510513204105337
43,0.02,12,0.10813872408866357,0.00016394762686670618,0.00016478588306877918,0.00014623104654541152
44,0.02,13,0.10803509378555308,0.0001581693578563177,0.00015884915252727916,0.0001424144458382758
45,0.02,14,0.10789671631907122,0.00015339635077760353,0.00015392602043727007,0.0001395248228768305
46,0.02,15,0.1077641959017115,0.0001498774879429865,0.00015002219966367942,0.0001377687470938584
47,0.02,16,0.10767168433292473,0.00014709324597976994,0.00014708817799165104,0.00013672479073012844
48,0.02,17,0.10767836979278125,0.00014420872713204723,0.0001441695494163327,0.00013539580090191015
49,0.02,18,0.10776885896882261,0.0001407695627298064,0.0001407696689330508,0.00013351623640971277
50,0.02,19,0.10794373153885026,0.00013689636345978748,0.00013688480355671237,0.0001309967099274509
51,0.02,20,0.10818103612184578,0.00013289821516730284,0.0001327485946428737,0.00012824091786090106
52,0.02,21,0.10832721478078551,0.00012876603693663422,0.00012855322073310194,0.00012535749400408722
53,0.02,22,0.10825480189013224,0.00012517866063375846,0.0001248873232697961,0.000122830150518366
54,0.02,23,0.10802849294124593,0.00012185136141729022,0.00012137886539833295,0.00012021731759143456
55,0.02,24,0.10788709308635873,0.00011756811058113576,0.00011696786260211785,0.00011660986077389787
56,0.02,25,0.10787725165323137,0.00011230874748913035,0.00011170219095580895,0.00011191063924580095
57,0.02,26,0.1078825138971718,0.00010733733049796944,0.00010662801007686862,0.00010748826001754723
58,0.02,27,0.10790953365828157,0.00010303415711424985,0.0001022281567008117,0.00010362503790061136
59,0.02,28,0.10795891145417834,9.942817145244713e-05,9.859374572092748e-05,0.0001003760919358057
60,0.02,29,0.10795729744832605,9.64036892141416e-05,9.565717422840373e-05,9.750128102260566e-05
61,0.02,30,0.10800384391115807,9.365759787048806e-05,9.298176873575754e-05,9.48146851469266e-05
62,0.02,31,0.10803005288336362,9.082289903437951e-05,9.036603564862962e-05,9.211257654384225e-05
63,0.02,32,0.10801637292707927,8.825129340666383e-05,8.79379301192269e-05,8.950047303301209e-05
64,0.02,33,0.1079120601526727,8.575218234377432e-05,8.549790959813242e-05,8.692282184131465e-05
65,0.02,34,0.10781619300281815,8.337670351903064e-05,8.322527938709204e-05,8.444685925514811e-05
66,0.02,35,0.1076930705713568,8.091126809026505e-05,8.081132636180075e-05,8.200127559581745e-05
67,0.02,36,0.1074959845669636,7.911285325824804e-05,7.905051221329294e-05,8.012092826136304e-05
68,0.02,37,0.10742113322452664,7.744596927811628e-05,7.732795442073625e-05,7.831976813669819e-05
69,0.02,38,0.107268062432877,7.590020261162901e-05,7.584882136093708e-05,7.672087518129909e-05
70,0.02,39,0.10703165060203011,7.506736036522497e-05,7.508167014059319e-05,7.585108263680497e-05
71,0.02,40,0.10699036403562978,7.394775946213434e-05,7.39305424606922e-05,7.460942158774227e-05
72,0.02,41,0.106865015710998,7.263834242517744e-05,7.27364644476408e-05,7.323892328031512e-05
73,0.02,42,0.1065759197044019,7.217454943825088e-05,7.230969895329847e-05,7.266902031457484e-05
74,0.02,43,0.10650673229929503,7.169009159267051e-05,7.167958650196889e-05,7.193773575415764e-05
75,0.02,44,0.10638813150252505,7.082110488688105e-05,7.063296360767108e-05,7.077822865287659e-05
76,0.02,45,0.10608393673444293,7.081355085492195e-05,7.055448301437508e-05,7.051096337263484e-05
77,0.02,46,0.10600599108360777,7.063253304210584e-05,7.033511241432421e-05,7.031320905992898e-05
78,0.02,47,0.10595314163984654,6.97291406470441e-05,6.952798730740089e-05,6.942973719987958e-05
79,0.02,48,0.10565644619553566,6.971943320036145e-05,6.956960242126456e-05,6.936708478960116e-05
80,0.02,49,0.10549938136651595,7.007881857880163e-05,6.995123433969342e-05,6.969937609757927e-05
81,0.02,50,0.10549297686317873,6.961558605410278e-05,6.942140586471369e-05,6.909792586335177e-05
82,0.02,51,0.10527817101237406,6.940968978485655e-05,6.92451835190613e-05,6.890902172750035e-05
83,0.02,52,0.10502104522062507,6.99289174202022e-05,6.971515344458753e-05,6.945409815497441e-05
84,0.02,53,0.10501199489166876,6.988857140394413e-05,6.970844837508107e-05,6.945610866177101e-05
85,0.02,54,0.10490876410403045,6.940193297961042e-05,6.920346720032511e-05,6.89492883933781e-05
86,0.02,55,0.1046302815850588,6.94835283250295e-05,6.927749852907885e-05,6.905224824538299e-05
87,0.02,56,0.10450700112291292,6.972530651298867e-05,6.953683841281128e-05,6.931417088036081e-05
88,0.02,57,0.10448841080089616,6.925380930272779e-05,6.910426671452046e-05,6.880514842802764e-05
89,0.02,58,0.10431220591348135,6.890898073492838e-05,6.880501390150258e-05,6.845318601485866e-05
90,0.02,59,0.10406279328791807,6.914358802943897e-05,6.909884705051353e-05,6.871383259256736e-05
91,0.02,60,0.10400430100941542,6.919264858923851e-05,6.917817781430089e-05,6.881136879029542e-05
92,0.02,61,0.10396813893295176,6.865173585435552e-05,6.852430349214863e-05,6.821946614495263e-05
93,0.02,62,0.10377776264223858,6.836963557730325e-05,6.818213366208169e-05,6.788728341972372e-05
94,0.02,63,0.10357872825427403,6.852869521753338e-05,6.8370705425833e-05,6.801937018204729e-05
95,0.02,64,0.10354004440723649,6.840784015080882e-05,6.828776030863408e-05,6.78820313187645e-05
96,0.02,65,0.10347046985659024,6.784723009070666e-05,6.77994781393642e-05,6.732112659008262e-05
97,0.02,66,0.10326778467343493,6.764667974605866e-05,6.769488566825065e-05,6.714495519118978e-05
98,0.02,67,0.10311178015506323,6.782623670246404e-05,6.78727455920145e-05,6.728320434318799e-05
99,0.02,68,0.10308344110858399,6.760588153397372e-05,6.767412013836337e-05,6.7025368194338e-05
100,0.02,69,0.10301140927146944,6.706975162002096e-05,6.716030444603932e-05,6.647752747098262e-05
101,0.02,70,0.10281559282630573,6.692283550147183e-05,6.703599387386794e-05,6.632359766891782e-05
102,0.02,71,0.10268226021603429,6.704959718643286e-05,6.722079874890038e-05,6.647058691866958e-05
103,0.02,72,0.1026541891807285,6.683516113955491e-05,6.7056012633996e-05,6.626867416179611e-05
104,0.02,73,0.10257071397738446,6.64034195539945e-05,6.663858457469274e-05,6.585381372713333e-05
105,0.02,74,0.10237644977494342,6.642466729645826e-05,6.664583576378433e-05,6.586094495964615e-05
106,0.02,75,0.10223682721728809,6.672560578952692e-05,6.690580033743074e-05,6.611221911108283e-05
107,0.02,76,0.10220730672142539,6.668005909704836e-05,6.672960571829887e-05,6.598865691139065e-05
108,0.02,77,0.10213501316317672,6.635483855555938e-05,6.63339437420081e-05,6.564082543219708e-05
109,0.02,78,0.10195758380209193,6.635467617926636e-05,6.635326479584228e-05,6.563448276525467e-05
110,0.02,79,0.10181395997987794,6.667092827840477e-05,6.670095983525688e-05,6.594766335943688e-05
111,0.02,80,0.10178027821383447,6.674842747866947e-05,6.679730323463967e-05,6.603989361003673e-05
112,0.02,81,0.10171199735861801,6.659057430781308e-05,6.667767115433896e-05,6.591816280815315e-05
113,0.02,82,0.10154467036536335,6.673413851963215e-05,6.688870309967274e-05,6.609650370705253e-05
114,0.02,83,0.10142201335315369,6.71123566690605e-05,6.732178842402413e-05,6.651982564607562e-05
115,0.02,84,0.10137751045424596,6.724957161753388e-05,6.743153901126834e-05,6.665337422577003e-05
116,0.02,85,0.10129938782321905,6.719779427672348e-05,6.733451405108031e-05,6.653493912868611e-05
117,0.02,86,0.10115050591844574,6.742545593810728e-05,6.754386802072585e-05,6.669554388136914e-05
118,0.02,87,0.10103548873149835,6.785931474699313e-05,6.799833126978445e-05,6.705809106319631e-05
119,0.02,88,0.10098550868658421,6.80736809103902e-05,6.818166862972864e-05,6.718686628507134e-05
120,0.02,89,0.10090197556308261,6.800367236180208e-05,6.814236896753728e-05,6.716884011021835e-05
121,0.02,90,0.10075518287820345,6.811591714699733e-05,6.829746692219412e-05,6.732887592576125e-05
122,0.02,91,0.10061535057786487,6.834213958070248e-05,6.863178133234882e-05,6.762323999584397e-05
123,0.02,92,0.10053574142544705,6.846042680479377e-05,6.878277584274326e-05,6.77820985443424e-05
124,0.02,93,0.10045701815440429,6.841085242714384e-05,6.870633243102497e-05,6.765603903460198e-05
125,0.02,94,0.10032519341735101,6.852479952187826e-05,6.87597472608211e-05,6.771430539995678e-05
126,0.02,95,0.10019805412028353,6.882371068137264e-05,6.904597794117173e-05,6.797466249656486e-05
127,0.02,96,0.1001200877969579,6.899396192870388e-05,6.916229169896715e-05,6.817357682652147e-05
128,0.02,97,0.10004054416448852,6.906382080556609e-05,6.918357026724181e-05,6.820888158867728e-05
129,0.02,98,0.099904852264626,6.915782381673665e-05,6.92566629536189e-05,6.833582988060277e-05
130,0.02,1,0.09705741090173418,0.000952328333521448,0.0009510863833884247,0.0004140151698389607
131,0.02,1,0.10491894870759366,0.0017778221434292907,0.001779461360562776,0.0024625749172021306
132,0.02,2,0.10393432310670199,0.00033916020528637945,0.0003393761637472,0.0005126428356227588
133,0.02,3,0.10286305301242872,0.00017212705362830568,0.0001716540137757978,0.00019472441000803443
134,0.02,4,0.10202140502567489,0.00015459884609061983,0.00015406997347374953,0.0001431411006116695
135,0.02,5,0.10121130853409763,0.00015106595533149564,0.0001506435467979234,0.00013434219671589829
136,0.02,6,0.10041272288492983,0.00014750401908494095,0.0001471519365861972,0.00012998644573058017
137,0.02,7,0.09962599567830498,0.0001438193125516179,0.00014350947427800166,0.00012636431622675709
138,0.02,1,0.09931553405806873,8.04139806757205e-07,8.072283335871217e-07,7.732974010363836e-07
139,0.03,1,0.09926562754907395,6.692531937318556e-07,6.730741522356392e-07,6.545500707599911e-07
140,0.03,1,0.09953495698980307,0.0010728886535786284,0.0010798051543749613,0.0018999046532353163
141,0.03,1,0.10015253582775295,0.0007414134193957222,0.0007424192099006156,0.0016899673075106035
142,0.03,2,0.09856893078799615,0.00021418756414510418,0.00021414758229562373,0.0004413300142286625
143,0.03,1,0.09769664369309326,0.0002848048145591158,0.00028463689698322967,0.0005969085540749678
144,0.03,1,0.09573462086412982,0.0005373283575569236,0.0005376798015863556,0.0012350099336981319
145,0.03,1,0.09430330179709803,4.1896727785583565e-07,4.1777028288077374e-07,5.107812883400404e-07
146,0.04,1,0.0940764831602,2.620392291175803e-07,2.608590674764516e-07,2.833697764972209e-07
147,0.04,1,0.0950216004641784,0.000663178549372321,0.0006646081842847335,0.0019754706850544077
148,0.04,1,0.09532471033713988,0.0006274877583142791,0.0006280212146442301,0.0019170781272158078
149,0.04,1,0.09267763799145265,0.00016258222593025157,0.0001625206954148637,0.00041096802586444877
150,0.04,1,0.09348962049704417,0.0005345124306524342,0.0005340402246476052,0.0012998711791013136
151,0.04,1,0.09224399729508441,2.9544462732252914e-07,2.958833479571678e-07,8.969408877938202e-07
152,0.05,1,0.09190223321349698,1.6469625578245813e-07,1.6472677614001581e-07,4.172352905149156e-07
153,0.05,1,0.09602882051491393,0.0006803682618972341,0.0006801899093846272,0.0020164916053534016
154,0.05,2,0.0942297753377511,0.00021212887071101762,0.0002120670247807643,0.000621112570664439
155,0.05,1,0.09742560488068863,0.0005222907331248446,0.0005226533233115688,0.0015224866409473572
156,0.05,1,0.09449682281040195,0.00016309615857540546,0.00016259296051022193,0.00039755352368289233
157,0.05,1,0.09790513926450965,0.000499924635196302,0.0005019536610722568,0.0012676709575493094
158,0.05,1,0.09699923444820668,2.5102536072215943e-07,2.5076268265671025e-07,7.196975356027423e-07
159,0.060000000000000005,1,0.09679366720502122,1.349953718102195e-07,1.3478361077843618e-07,3.1307727331577087e-07
160,0.060000000000000005,1,0.1029884408957785,0.0006457283353174617,0.0006482314576574323,0.001952911339461709
161,0.060000000000000005,2,0.10142401789379257,0.00021800298890322303,0.00021897673083875197,0.0006934790092944834
162,0.060000000000000005,3,0.10096935824121342,0.00011224472854126492,0.00011251806935843471,0.0003099496150491399
163,0.060000000000000005,4,0.10060586759892695,8.965744524678805e-05,8.965882636987948e-05,0.00016477861139400452
164,0.060000000000000005,5,0.1002566715269189,8.619381368986178e-05,8.617541818383108e-05,0.00011308270791752171
165,0.060000000000000005,6,0.09992866164681666,8.58402702181628e-05,8.588945171501043e-05,9.899601196266451e-05
166,0.060000000000000005,1,0.10335188529117606,0.0003604722213129466,0.00036247041186059694,0.001141023002372907
167,0.060000000000000005,2,0.10227007436659162,0.00012838643855932509,0.00012901289813650936,0.00039589825360731294
168,0.060000000000000005,3,0.10199229108805861,9.024600403413158e-05,9.046562160248125e-05,0.00018443317407492585
169,0.060000000000000005,4,0.10173341823608774,8.652599087150974e-05,8.673122668900457e-05,0.00011712196082474979
170,0.060000000000000005,5,0.10147045180560385,8.76403005773335e-05,8.783970569291273e-05,0.00010213310574172323
171,0.060000000000000005,6,0.10119960606136517,8.934840682140146e-05,8.955454131898252e-05,0.00010082359873085596
172,0.060000000000000005,7,0.1009327422239933,9.117969199257251e-05,9.136874494379144e-05,0.00010188118803367158
173,0.060000000000000005,8,0.1007025568028958,9.293616963022808e-05,9.31637380126734e-05,0.0001028499693194349
174,0.060000000000000005,9,0.10051356408448325,9.434459094248886e-05,9.456887403546738e-05,0.00010316978083371792
175,0.060000000000000005,10,0.10027541660363216,9.539336188836957e-05,9.563421263277503e-05,0.00010285781642311296
176,0.060000000000000005,11,0.09995389064773612,9.641202037065293e-05,9.662087315481431e-05,0.00010237808349543722
177,0.060000000000000005,1,0.09912301088919213,0.00019519648574148433,0.00019545012069888565,0.0005755022195910949
178,0.060000000000000005,1,0.09909427160062717,0.0006715908901720362,0.0006728255973285284,0.0010960757892848388
179,0.060000000000000005,1,0.09707921801178371,3.2978956173024154e-07,3.3061266693456523e-07,4.2952225141347327e-07
180,0.07,1,0.0970520170283901,2.1700367476932285e-07,2.1737530923608207e-07,2.602944951722267e-07
181,0.07,1,0.1004334344330581,0.000687723939301611,0.0006881048781885428,0.001590167442370359
182,0.07,2,0.09870236021020565,0.00018224566994318983,0.00018295421808170928,0.00046716643549501356
183,0.07,1,0.10075347007383331,0.0004919476338596716,0.0004924097304008386,0.0012311760123649943
184,0.07,2,0.09955086878735972,0.0001617812387999604,0.00016232739028106417,0.00041786720741540315
185,0.07,1,0.09843752307819426,0.0002461800548264972,0.00024612351865938476,0.0005085340604329253
186,0.07,1,0.09817345232374833,0.0004950229291234796,0.000495209133683999,0.0010545998425112875
187,0.07,1,0.09724242801440039,2.7273257657059925e-07,2.7407808642021894e-07,4.4670364260925886e-07
188,0.08,1,0.09719794462574098,1.629418813011946e-07,1.634556023281539e-07,2.2160985525914898e-07
189,0.08,1,0.09933949715641768,0.0006829972105801222,0.0006833408981477729,0.001673315251499679
190,0.08,1,0.10023463851894669,0.0006814815202159429,0.0006822564434276078,0.0017726640569666787
191,0.08,2,0.09901152186802822,0.00023137035030712448,0.00023211596584779933,0.0006850826478949297
192,0.08,1,0.09779592639209475,0.00022818800399342535,0.00022783416510425796,0.00046300826884678045
193,0.08,1,0.09849716460262746,0.0004972875705709324,0.0004977472706139981,0.00098919410798052
194,0.08,1,0.09786958235815243,2.3729633280910575e-07,2.3796279879108367e-07,6.045658392464648e-07
195,0.09,1,0.09781723810884324,1.269022342857093e-07,1.270514517833597e-07,2.5464517999400735e-07
196,0.09,1,0.10080915034633495,0.0007662590645158762,0.0007670305680643861,0.001671290565769529
197,0.09,2,0.09932580628488226,0.00024262852328914302,0.00024294427350095304,0.0006247154430847837
198,0.09,1,0.10148818513519071,0.0006140625728607006,0.0006144751768573025,0.0013895907391897621
199,0.09,2,0.10081086536532642,0.00021972038801608103,0.00022004744389566086,0.0005790409571029222
200,0.09,3,0.1005190101403604,0.00011365248598137706,0.00011391498572433711,0.00028102062190759095
201,0.09,4,0.10023060196458668,8.683668477764668e-05,8.699589290249871e-05,0.0001525302601943493
202,0.09,5,0.09995143363995093,8.239718632018506e-05,8.24763134329376e-05,0.0001043695498557128
203,0.09,1,0.09887696986741094,0.00028829710667854525,0.000288415793241367,0.0005673988179243554
204,0.09,1,0.09964026992644556,0.000587782109186081,0.0005874847681804075,0.0008751512908589605
205,0.09,1,0.09846265285628791,2.1389038629852233e-07,2.1454388784998222e-07,4.079977671988144e-07
206,0.09999999999999999,1,0.0984135176628296,1.2393602570202103e-07,1.2416705251698124e-07,1.9814438956873938e-07
207,0.09999999999999999,1,0.1019783368702757,0.0008966959002511872,0.0008971392501501595,0.0015889075316422193
208,0.09999999999999999,2,0.10011577682116243,0.0002803072527444701,0.00028084995950899836,0.000591507962558897
209,0.09999999999999999,3,0.0997940286964033,0.00012661587085559912,0.00012698791700790565,0.0002687799169038912
210,0.09999999999999999,1,0.10216526442013377,0.0006425659738414202,0.0006427505449350297,0.0011243494993881285
211,0.09999999999999999,2,0.1011871229422572,0.00021846511176720266,0.00021892462381354046,0.00044801662078268033
212,0.09999999999999999,3,0.10095628976912377,0.00011204276654691642,0.00011226010696319328,0.00021449322548913678
213,0.09999999999999999,4,0.10071571987269388,8.752706198927709e-05,8.74728381106e-05,0.00012387753101199698
214,0.09999999999999999,5,0.10047252177845084,8.444478270091819e-05,8.436729081298814e-05,9.728099175697024e-05
215,0.09999999999999999,6,0.10023977660844374,8.56411863861532e-05,8.550328864734646e-05,9.398115474405575e-05
216,0.09999999999999999,7,0.1000227478116028,8.762292129757903e-05,8.751905737324037e-05,9.604812091705493e-05
217,0.09999999999999999,8,0.0998418602848797,8.969623054906942e-05,8.95258783177815e-05,9.859852934932877e-05
218,0.09999999999999999,1,0.09940947337842902,0.0003277321191253171,0.00032799231700101115,0.0005231886479604996
219,0.09999999999999999,1,0.09848554203619413,0.0007640236754911745,0.0007630042345899403,0.000851405148026194
220,0.09999999999999999,1,0.09668640954701661,2.678287821734411e-07,2.673271512178386e-07,3.918489826563911e-07
221,0.10999999999999999,1,0.09668566666070129,1.632812158644572e-07,1.6288738948713318e-07,2.0972715907921532e-07
222,0.10999999999999999,1,0.09895406213420668,0.0010728125949592718,0.0010742903151698556,0.0013856379881529654
223,0.10999999999999999,1,0.09972965711905785,0.0010686485885429546,0.0010708875624400806,0.0014475362153693664
224,0.10999999999999999,1,0.09728129621496887,0.00023254260838690853,0.00023214488674134373,0.0002790058552382357
225,0.10999999999999999,1,0.0984806917383197,0.000748950921825127,0.0007486182695997174,0.0008286623175465136
226,0.10999999999999999,1,0.09760610957192276,4.774770556970689e-07,4.802557790020161e-07,7.646284207299057e-07
227,0.11999999999999998,1,0.09760301853610068,2.270004480418939e-07,2.2770527731255776e-07,3.176961730863941e-07
228,0.11999999999999998,1,0.10089658711172475,0.0011720550888374296,0.0011728370492562357,0.0012498380589064477
229,0.11999999999999998,2,0.09900130636885027,0.000364604141814342,0.0003653262115293955,0.00045124346955894223
230,0.11999999999999998,1,0.10093506574231388,0.000919809471472115,0.000919809168829666,0.0009820209450942395
231,0.11999999999999998,2,0.09991421848190817,0.0003286300111181797,0.000328902558529317,0.0003999120388274747
232,0.11999999999999998,1,0.09888943836412337,0.0003584679816971719,0.0003579640787584091,0.0003338999381289079
233,0.11999999999999998,1,0.09955373132647058,0.0007562073356505117,0.000754106281230911,0.0006351981534294648
234,0.11999999999999998,1,0.0988699729228534,3.1208738106635986e-07,3.135268910601846e-07,4.2196111462254997e-07
235,0.12999999999999998,1,0.09883298418689794,1.4597022809768287e-07,1.463092965747251e-07,1.8620555592201087e-07
236,0.12999999999999998,1,0.10147269764598876,0.0012948607501007568,0.0012942624570990854,0.0010759339875120782
237,0.12999999999999998,2,0.09966188924046146,0.0004467054861951681,0.00044711129586115294,0.00040043364421179633
238,0.12999999999999998,1,0.10095973867933243,0.0010489141015113405,0.0010480918876892753,0.0008526155225675303
239,0.12999999999999998,2,0.10022876093372454,0.00040596084362021814,0.0004061232592880268,0.00035289828893607806
240,0.12999999999999998,3,0.09993168529075777,0.00019285768499788532,0.00019306630772922896,0.00017693535178959016
241,0.12999999999999998,1,0.09919369506462275,0.00042099041224559665,0.0004199916593376323,0.00032985981899090824
242,0.12999999999999998,1,0.09890252261099113,0.0007540652785721254,0.0007523236510359243,0.0005299649255464324
243,0.12999999999999998,1,0.09827936416262638,3.058972745079376e-07,3.073377855472334e-07,3.274823053652713e-07
244,0.13999999999999999,1,0.09826454648060595,1.3698220222765606e-07,1.3739096742817555e-07,1.5001852229896256e-07
245,0.13999999999999999,1,0.09957918636750213,0.0013925530920563581,0.0013917108355084315,0.0009230880645100548
246,0.13999999999999999,1,0.09927416198577976,0.0015079904894334244,0.0015078794968327181,0.0009920801131383249
247,0.13999999999999999,1,0.09781275183556294,0.00028298511391048903,0.0002831100618111993,0.00020808259806738444
248,0.13999999999999999,1,0.09735338873284705,0.0008679427903007161,0.0008664328380158531,0.0005780072050788485
249,0.13999999999999999,1,0.09700914024711862,8.012627567083768e-07,8.040919959345984e-07,5.618923251888433e-07
250,0.15,1,0.09699211463405216,3.0231645500684633e-07,3.0248876866270437e-07,2.2267395281799492e-07
251,0.15,1,0.09734304940926847,0.0014091292602337138,0.0014099740917145958,0.0008588769257736471
252,0.15,1,0.09666327611827039,0.0015435506431053041,0.0015453960546774987,0.0009201993574599046
253,0.15,1,0.095863908682671,0.0003056879655951636,0.00030639285308735337,0.0001946903167347912
254,0.15,1,0.09456107790236158,0.0008721380847259381,0.0008705550580438516,0.0005361922254341782
255,0.15,1,0.09423199674903436,8.366336145058583e-07,8.408671783177949e-07,5.381511187560013e-07
256,0.16,1,0.09420712545386772,3.0633783041071145e-07,3.070552741983487e-07,2.115023822527485e-07
257,0.16,1,0.09332395371578373,0.00138657555897981,0.0013864626897174834,0.0008008369399019585
258,0.16,1,0.09203569876920725,0.001542992864563317,0.0015433116887282946,0.0008630764588514559
259,0.16,1,0.09165970018397918,0.0003141252589625295,0.0003147135588012994,0.00017566272239959488
260,0.16,1,0.08946337713080772,0.0008857214721087617,0.000882289347202233,0.0005199248495497967
261,0.16,1,0.0890903343358052,8.404971022954464e-07,8.447204626851401e-07,5.134121385551831e-07
262,0.17,1,0.08905855179650402,3.021795053233436e-07,3.027549412230314e-07,1.9824864691004971e-07
263,0.17,1,0.08729281291780112,0.001407681552171812,0.0014061304140408316,0.0007878608220521608
264,0.17,1,0.08544346142890794,0.0015890019935023414,0.0015873406690238684,0.000858260335907887
265,0.17,1,0.08525105720889566,0.00032420864330919664,0.00032455742539084956,0.0001690839191042161
266,0.17,1,0.08253810312381245,0.000911940660635988,0.000907934753337471,0.0005371327986405051
267,0.17,1,0.0821531568902094,8.815346801661254e-07,8.8602106934619e-07,5.064944347063603e-07
268,0.18000000000000002,1,0.08211841877841088,3.106527495844115e-07,3.111933026384819e-07,1.917750147348447e-07
269,0.18000000000000002,1,0.08017942819919306,0.0014693349003603875,0.0014671105445077566,0.000812623158067665
270,0.18000000000000002,1,0.0782211948463251,0.0016767473908675396,0.0016741497108680682,0.0008944822100936957
271,0.18000000000000002,1,0.07796974240174324,0.0003417083964060922,0.00034185038941864695,0.00017507693906660885
272,0.18000000000000002,1,0.07554885516253543,0.000944741125929499,0.0009399299976094599,0.0005545537212072453
273,0.18000000000000002,1,0.07524094261848137,9.529578898925914e-07,9.573862669692567e-07,5.196035400303149e-07
274,0.19000000000000003,1,0.07522262586959491,3.281421693256866e-07,3.2835996783562563e-07,1.91158453596895e-07
275,0.19000000000000003,1,0.07407750991516299,0.001542244765875654,0.0015392174491548592,0.0008468865312749482
276,0.19000000000000003,1,0.07289077878522976,0.0017714041162734642,0.0017678819924491142,0.0009399871475367949
277,0.19000000000000003,1,0.07228981811129624,0.0003613462690233228,0.00036130025324005496,0.00018324237332964123
278,0.19000000000000003,1,0.07132073594722638,0.000971084581941469,0.0009647282071291284,0.0005638982844680532
279,0.19000000000000003,1,0.07113693259718545,1.0334524823600798e-06,1.0381856120345113e-06,5.518139295934701e-07
280,0.20000000000000004,1,0.07113534905955933,3.47998133146735e-07,3.4812100137480636e-07,1.9635246237232894e-07
281,0.20000000000000004,1,0.07189084078274145,0.0016025778682059533,0.0015994570395448675,0.0008850149007019505
282,0.20000000000000004,1,0.07239007008552421,0.0018483981799428124,0.0018449065162816438,0.000991177843309722
283,0.20000000000000004,1,0.07116117724917469,0.0003788742082058553,0.00037856876362211235,0.00019397032874427552
284,0.20000000000000004,1,0.07261837937825859,0.0009823981582475119,0.0009749276472690093,0.0005777229211596982
285,0.20000000000000004,1,0.07251886383606741,1.1065087829416406e-06,1.1123171591676916e-06,5.946279649171548e-07
286,0.21000000000000005,1,0.07252891562910523,3.657480372195971e-07,3.661441386247367e-07,2.054270344207214e-07
287,0.21000000000000005,1,0.07576060702681224,0.0016387382301941012,0.001636008955220935,0.000925520601266679
288,0.21000000000000005,1,0.0781260188671285,0.0018952516054981685,0.0018927903544037315,0.001045461331014276
289,0.21000000000000005,1,0.07619909756326114,0.00039110865051450526,0.0003912121768065122,0.0002089138606409568
290,0.21000000000000005,1,0.07992125487899873,0.0009736685495248138,0.0009652972204166914,0.0005935281967792854
291,0.21000000000000005,1,0.07984415671698605,1.1641789859220169e-06,1.171643377523084e-06,6.397005373009988e-07
292,0.22000000000000006,1,0.07986414333077552,3.792067169790257e-07,3.799696836885663e-07,2.15669408395572e-07
293,0.22000000000000006,1,0.08496711711999687,0.0016442393214429057,0.0016424963195058565,0.0009592757386275904
294,0.22000000000000006,1,0.08848901832221998,0.001904567133316485,0.0019037931213417697,0.0010896692391158208
295,0.22000000000000006,1,0.0860927184880085,0.00039535984777168415,0.0003957898263592398,0.00022380153361764216
296,0.22000000000000006,1,0.09096496473127733,0.0009448476303584189,0.000936570202458614,0.0006013425059069289
297,0.22000000000000006,1,0.09087742726076137,1.2017686678107889e-06,1.211367860968931e-06,6.80547359282353e-07
298,0.23000000000000007,1,0.0909059018481838,3.8704993463522954e-07,3.880691218073797e-07,2.2484355747928494e-07
299,0.23000000000000007,1,0.09668827942174922,0.0016202711377561795,0.0016201289758552575,0.00098122698689957
300,0.23000000000000007,1,0.100431760642046,0.0018776447080735392,0.001879550515547408,0.0011178081246960092
301,0.23000000000000007,2,0.10006288797552332,0.0008513963865932905,0.000852650385655255,0.0004954701888254262
302,0.23000000000000007,3,0.10003296430822438,0.00041994974010535523,0.0004208441571879718,0.00024314458172013738
303,0.23000000000000007,4,0.0999276768044751,0.00022225607264320433,0.0002229810924120469,0.00013434256414279465
304,0.23000000000000007,1,0.09783421833251946,0.0004665733499983796,0.00046535603217493583,0.00029439246610051586
305,0.23000000000000007,1,0.10181162214037616,0.0007018314930726362,0.0007011904759403783,0.0004974115404988412
306,0.23000000000000007,2,0.10106984653918404,0.00028158776429408286,0.00028228197599075035,0.00020031578663266253
307,0.23000000000000007,3,0.10084682252806941,0.00015398409889943285,0.0001545878872400152,0.00011258177514776475
308,0.23000000000000007,4,0.10063560493199447,0.0001074939008202492,0.00010773764137064036,8.224703306417754e-05
309,0.23000000000000007,5,0.10043909041573564,9.420269031685089e-05,9.418139585638708e-05,7.479617517362655e-05
310,0.23000000000000007,6,0.10026045692104879,9.311161646626672e-05,9.294702309280107e-05,7.550753465278054e-05
311,0.23000000000000007,7,0.10009647475353975,9.556422760714888e-05,9.540716956176578e-05,7.886965217766308e-05
312,0.23000000000000007,8,0.09993797851805128,9.868957476239752e-05,9.853024512268604e-05,8.261028002284958e-05
313,0.23000000000000007,1,0.09956829770383438,6.047838763274377e-07,6.079465582409629e-07,3.558988634427975e-07
314,0.24000000000000007,1,0.09950083791189693,2.703276525583617e-07,2.702092324989104e-07,1.6814298815002294e-07
315,0.24000000000000007,1,0.10267065312944457,0.0013892642607206927,0.0013973439959836323,0.0009513541578632754
316,0.24000000000000007,2,0.10085657699395398,0.00045039981749275197,0.00045328227790392595,0.0002995261344756585
317,0.24000000000000007,3,0.10050442058406156,0.0001848587000778647,0.00018581665541214252,0.00012834959935346577
318,0.24000000000000007,4,0.10038836306467992,0.00010652206280066084,0.00010670779839464196,8.43257987382529e-05
319,0.24000000000000007,5,0.1002912144585444,9.14944321399268e-05,9.138755851247998e-05,7.85980490352573e-05
320,0.24000000000000007,6,0.10015428806392036,9.232663659480309e-05,9.217087950873683e-05,8.134215160385281e-05
321,0.24000000000000007,7,0.09996389654676913,9.560844540966803e-05,9.539173689278896e-05,8.512970846597628e-05
322,0.24000000000000007,1,0.10102700798748325,0.0007705197619840553,0.0007720430082212883,0.000579278748352942
323,0.24000000000000007,2,0.09967897623429707,0.00023168188153783626,0.00023187175096201678,0.0001797658556267112
324,0.24000000000000007,1,0.09945438406828556,0.00038253189164534797,0.00038378064596298044,0.000285867696207048
325,0.24000000000000007,1,0.0995643496754928,0.000753531118661191,0.0007517599991536197,0.0006720918756266348
326,0.24000000000000007,1,0.09827204129566364,3.542756945500316e-07,3.5776224265363524e-07,2.5668665302918906e-07
327,0.25000000000000006,1,0.09826665601832188,1.6859964091745313e-07,1.6880214508036286e-07,1.2799503833452977e-07
328,0.25000000000000006,1,0.10045008630934607,0.0013091127335812418,0.0013198157419757987,0.0010811871020414295
329,0.25000000000000006,2,0.09878977970870492,0.0004109609201918497,0.0004149010978416205,0.0003471550625270973
330,0.25000000000000006,1,0.09993189225368398,0.0009640766642781583,0.0009683994111917575,0.0008302977590452551
331,0.25000000000000006,1,0.09864246119083678,0.00023352631206906936,0.0002330908708778145,0.00021261171832284356
332,0.25000000000000006,1,0.09883606548540776,0.000699825406247607,0.000695744794774452,0.0006670808312816175
333,0.25000000000000006,1,0.09822260808761588,6.428840699337248e-07,6.567864511317561e-07,5.305861607926531e-07
334,0.26000000000000006,1,0.09820756146028521,2.521907856828933e-07,2.542266527682534e-07,2.0628774073674154e-07
335,0.26000000000000006,1,0.0996890059814312,0.0012921841883937267,0.0013024741479018363,0.001191871879484703
336,0.26000000000000006,1,0.09948753681137006,0.001359661596368127,0.0013716662873855686,0.0012750448639678288
337,0.26000000000000006,1,0.09810709258246991,0.00023288507930391752,0.00023300932142654728,0.00023042090262510037
338,0.26000000000000006,1,0.09771080891187302,0.0006476522709284851,0.0006440002993258045,0.0006708778617952139
339,0.26000000000000006,1,0.09733623635021514,9.407936208849264e-07,9.652511802221548e-07,8.418642409144134e-07
340,0.2700000000000001,1,0.09728459494357415,3.2981487162522774e-07,3.3420729716421795e-07,2.89472837896657e-07
341,0.2700000000000001,1,0.09785530275089707,0.0012210467702258665,0.0012298543687296942,0.001248795650175939
342,0.2700000000000001,1,0.09707810240103,0.0013085305283550449,0.0013193965096937588,0.0013653059804857905
343,0.2700000000000001,1,0.09618205474698513,0.00023877460483603372,0.0002388916703046027,0.0002496307033273714
344,0.2700000000000001,1,0.09495666249280439,0.0006209747213536487,0.0006179369091630699,0.0007134913755389512
345,0.2700000000000001,1,0.09471632002336255,9.001915047890821e-07,9.22303645767298e-07,8.89846443481147e-07
346,0.2800000000000001,1,0.09466883485502149,3.055622055159042e-07,3.09242321573407e-07,2.9421355991063324e-07
347,0.2800000000000001,1,0.09416315213422076,0.001139541538615044,0.0011495988744008514,0.001316601097551283
348,0.2800000000000001,1,0.09279055712805719,0.0012423190672335032,0.001256367461537095,0.001474983545141186
349,0.2800000000000001,1,0.09240872345044308,0.00023775552613199217,0.00023866710817870937,0.00028015425006971
350,0.2800000000000001,1,0.09024845768499465,0.0006079687416766616,0.000606220149375346,0.0007678676373432732
351,0.2800000000000001,1,0.09008554426312051,8.448429624490644e-07,8.683572304679882e-07,9.54046116259629e-07
352,0.2900000000000001,1,0.09005216406372268,2.8279694249480085e-07,2.86593960677122e-07,3.0595071071402304e-07
353,0.2900000000000001,1,0.08841522246915137,0.0010896295723995023,0.0011028000503479594,0.0014052689028966924
354,0.2900000000000001,1,0.08636613056588173,0.001204809731977069,0.0012247338418843842,0.0016049278514580839
355,0.2900000000000001,1,0.08645216120553553,0.00023342537110225743,0.00023641767174632032,0.00031360015443664975
356,0.2900000000000001,1,0.08328870485759275,0.0006111808724403893,0.0006120954337392497,0.0008240077309693426
357,0.2900000000000001,1,0.08313295887935611,8.128685071532457e-07,8.39983251957753e-07,1.0445340121778414e-06
358,0.3000000000000001,1,0.08309567283885268,2.674048996786314e-07,2.7179986194268214e-07,3.246313246558181e-07
359,0.3000000000000001,1,0.08037698525718856,0.0010849154209315503,0.0011022406840346978,0.0015170722489554346
360,0.3000000000000001,1,0.07765234231472527,0.0012165973695406642,0.0012425220147913774,0.001758979063095667
361,0.3000000000000001,1,0.07809492194258848,0.0002360260339820147,0.0002410370775505944,0.00034712371318915575
362,0.3000000000000001,1,0.07406808619593847,0.0006253300143604568,0.0006280541507525626,0.0008803874744464687
363,0.3000000000000001,1,0.07389199577248047,8.188834919949697e-07,8.496750444250088e-07,1.1613685559365472e-06
364,0.3100000000000001,1,0.07384052187012355,2.6307059747307355e-07,2.6809935209268367e-07,3.505418723269137e-07
365,0.3100000000000001,1,0.07030399365685878,0.001116385981762594,0.0011368457252672267,0.0016490128714882714
366,0.3100000000000001,1,0.06712196837479652,0.0012656670283750472,0.001295685888526326,0.0019366208779896534
367,0.3100000000000001,1,0.0677813447393531,0.0002456137149156151,0.0002520047499264584,0.00038864597343015003
368,0.3100000000000001,1,0.06325150899227285,0.0006427312416308722,0.0006451538581926842,0.0009425788154845338
369,0.3100000000000001,1,0.06306537817353652,8.543896790874073e-07,8.882672050617749e-07,1.294681510076281e-06
370,0.3200000000000001,1,0.06300067842633846,2.6816933667641994e-07,2.7368862198011525e-07,3.808044909037697e-07
371,0.3200000000000001,1,0.05910351139271696,0.001165049389244808,0.0011859806533887172,0.0017873973129285358
372,0.3200000000000001,1,0.055872582906268134,0.0013296091982982856,0.001360522508958437,0.002122309873678063
373,0.3200000000000001,2,0.05519445150945687,0.0005815242268799791,0.0005987376876471626,0.0009764275352071391
374,0.3200000000000001,1,0.05636350087215902,0.00023687742249182592,0.0002370663023847435,0.000334595835544409
375,0.3200000000000001,1,0.05147098289764342,0.0005688664244035099,0.0005723111623649241,0.0008574089477595155
376,0.3200000000000001,1,0.05124841011675533,6.451017732665922e-07,6.732656851710866e-07,1.0428260622486494e-06
377,0.3300000000000001,1,0.05118333156256387,2.0227247589528733e-07,2.069947067479199e-07,2.9807367702785734e-07
378,0.3300000000000001,1,0.047316402484720445,0.001195533462188067,0.0012146409678574772,0.0018949650444827475
379,0.3300000000000001,1,0.04440783106820223,0.0013672229801332278,0.0013965437153689111,0.002274612826424588
380,0.3300000000000001,2,0.043748743542794954,0.0005882775412686991,0.0006046186546267598,0.0010447881301956375
381,0.3300000000000001,1,0.04473682961462043,0.00024296489760536585,0.00024301094695230215,0.00034768117733109823
382,0.3300000000000001,1,0.04039508152978326,0.000564174283809728,0.0005671979886649565,0.0008876649662221632
383,0.3300000000000001,1,0.04019789384107564,6.626738546493173e-07,6.896282371241588e-07,1.1229535730926772e-06
384,0.34000000000000014,1,0.040132306012991226,2.0653909345414332e-07,2.1093954069069105e-07,3.166135887329967e-07
385,0.34000000000000014,1,0.037318230716833725,0.0012476810929580046,0.001266731540240193,0.0020354054544765993
386,0.34000000000000014,2,0.036499430787483654,0.0004877668373708283,0.0004988743951411093,0.0008651439661660351
387,0.34000000000000014,1,0.034899901032135194,0.0009849209852604986,0.0010017126687905564,0.0017072048247020616
388,0.34000000000000014,1,0.035178911140653336,0.00017532088370381818,0.00017584735175720778,0.0002864638865134705
389,0.34000000000000014,1,0.032633189205108985,0.000647306206374174,0.000648978178999454,0.0010701417067217121
390,0.34000000000000014,1,0.03249381706947885,6.816814250601838e-07,7.048332694267215e-07,1.1805487656187181e-06
391,0.35000000000000014,1,0.03243544029544287,2.1797577578318352e-07,2.217709372380367e-07,3.4100537277111937e-07
392,0.35000000000000014,1,0.03206165591032141,0.0013335012708315854,0.0013563273991991664,0.0022438259286203105
393,0.35000000000000014,2,0.031333646479217846,0.0005175397564998149,0.0005309095006709071,0.000956568812763055
394,0.35000000000000014,1,0.03179060978705005,0.0010291396072292275,0.0010483977537419993,0.001843751434739939
395,0.35000000000000014,1,0.031057758736428114,0.0001743598705595537,0.00017560934659464284,0.00030358986712961626
396,0.35000000000000014,1,0.031231524668168496,0.0006393364301571094,0.0006415091583172279,0.0010729655452676268
397,0.35000000000000014,1,0.03114269198442204,7.446754190833062e-07,7.686173322771327e-07,1.3280628020411412e-06
398,0.36000000000000015,1,0.031119646429104055,2.34111553374608e-07,2.3791585672583527e-07,3.7449071760607237e-07
399,0.36000000000000015,1,0.033726383502056756,0.0013738170110874721,0.001393880483283783,0.002324960167234131
400,0.36000000000000015,2,0.03307729301082607,0.0005380167795085215,0.0005504542200386304,0.0010027999210112056
401,0.36000000000000015,1,0.03549541507181226,0.001054881942524605,0.001072736353788163,0.0019069435883555831
402,0.36000000000000015,1,0.03392121702763583,0.00017146604964388162,0.00017249426604805442,0.0003094372518527177
403,0.36000000000000015,1,0.03654356176074991,0.000634065292803484,0.0006373071656375682,0.0010723956133731564
404,0.36000000000000015,1,0.03650603868545624,7.852981986428558e-07,8.065003881202859e-07,1.4077617123283832e-06
405,0.37000000000000016,1,0.0365198093668925,2.4290266264720565e-07,2.4612151271442953e-07,3.9142780272916887e-07
406,0.37000000000000016,1,0.04118185921909851,0.0014015517110661322,0.0014213359129207357,0.002394194991384958
407,0.37000000000000016,2,0.040520563975358005,0.0005557897211372561,0.0005677618815171414,0.0010442899636079383
408,0.37000000000000016,1,0.04403282127218482,0.0010731532124253725,0.0010906954180259422,0.0019600951609178518
409,0.37000000000000016,1,0.04202467910302092,0.00017092509430387145,0.0001719200477318452,0.0003198160873573064
410,0.37000000000000016,1,0.0459327660092106,0.0006241206211922807,0.0006263821944227806,0.0010587401152718757
411,0.37000000000000016,1,0.04590773542060017,8.142121970432324e-07,8.337520802507184e-07,1.4691319668557681e-06
412,0.38000000000000017,1,0.04593933294010826,2.4795433371684524e-07,2.508356794211383e-07,4.028051135753279e-07
413,0.38000000000000017,1,0.05149178625431593,0.0013997172208614396,0.0014148507043356072,0.002384024927074438
414,0.38000000000000017,2,0.05077474122952992,0.0005614876758838473,0.00057125837603722,0.0010495664489262135
415,0.38000000000000017,1,0.054629672509705296,0.0010700311904791567,0.0010834944955344025,0.0019462331242803617
416,0.38000000000000017,1,0.052491166272412536,0.00017034940889959626,0.0001710927145110437,0.00031874952447198966
417,0.38000000000000017,1,0.0567630543433714,0.0006086057395142654,0.0006092347810320921,0.0010323017359526673
418,0.38000000000000017,1,0.0567210842668174,8.245088454584764e-07,8.408588850039175e-07,1.4808492083212727e-06
419,0.3900000000000002,1,0.05675861740879226,2.4849916734689867e-07,2.508035110922287e-07,4.038101073185832e-07
420,0.3900000000000002,1,0.06241916346577751,0.0013816003002024746,0.001394224425041156,0.0023590128599325034
421,0.3900000000000002,2,0.06161214048966348,0.0005588676474447852,0.000567284139832797,0.0010437785056787298
422,0.3900000000000002,1,0.06534652117793863,0.00105473569599774,0.0010662539642824888,0.0019209709107578558
423,0.3900000000000002,1,0.06322743914072629,0.00017005986804309305,0.00017074613847516083,0.000319610595390353
424,0.3900000000000002,1,0.06723130331275139,0.0005898367543513451,0.0005896260175732172,0.00099274087011901
425,0.3900000000000002,1,0.06713402507746555,8.219234622703342e-07,8.36455602860115e-07,1.4734276006161914e-06
426,0.4000000000000002,1,0.06717168016798,2.459212873281842e-07,2.4777619527716387e-07,3.995097131867302e-07
427,0.4000000000000002,1,0.07237155346593743,0.0013496519141992633,0.0013597315879991796,0.002258046544689136
428,0.4000000000000002,2,0.07144198190279002,0.0005476761627323494,0.0005550342345997228,0.0010015168603775381
429,0.4000000000000002,1,0.07468132878086063,0.0010292100450176634,0.001039159133939494,0.0018287938827134835
430,0.4000000000000002,1,0.07275111954991234,0.00016873261584196257,0.00016938306237119287,0.000306173653911063
431,0.4000000000000002,1,0.07604153776423483,0.0005780257870058035,0.000578381043525107,0.0009404094618193489
432,0.4000000000000002,1,0.07588163149051251,8.076317973765363e-07,8.20481539131434e-07,1.418344345594584e-06
433,0.4100000000000002,1,0.07591616112806761,2.411248990534431e-07,2.425630203445176e-07,3.859261779608647e-07
434,0.4100000000000002,1,0.08029140838762742,0.001329582275664338,0.0013403031825015579,0.0021519701333720786
435,0.4100000000000002,2,0.07921148655029672,0.0005372642001254352,0.0005447170019255273,0.0009518434953427436
436,0.4100000000000002,1,0.08174567805987695,0.001014066750791866,0.0010242526612386437,0.0017334334512534761
437,0.4100000000000002,1,0.0800945012915023,0.00016848548111185043,0.00016902532217511328,0.0002920739032907689
438,0.4100000000000002,1,0.08241490754665567,0.0005812258227175331,0.0005807058987976356,0.0008784337024270399
439,0.4100000000000002,1,0.08220194004736008,7.933730157523862e-07,8.064797192429178e-07,1.3523988815662596e-06
440,0.4200000000000002,1,0.08222816929412001,2.371431059103297e-07,2.3854355477451485e-07,3.6916119650182774e-07
441,0.4200000000000002,1,0.08552645865684548,0.001336260936558654,0.0013462175764527228,0.0019938640511338278
442,0.4200000000000002,1,0.08682107150323126,0.001532766980489701,0.0015494746723986369,0.0024135389968068747
443,0.4200000000000002,2,0.08598937437822406,0.0006658728531471527,0.0006762456283997522,0.0011457733398567362
444,0.4200000000000002,1,0.0850301113635811,0.00023134101043125412,0.00023018889696670652,0.000313393541143336
445,0.4200000000000002,1,0.08638529680134956,0.0005495151753837662,0.0005501249411784323,0.000768156691515708
446,0.4200000000000002,1,0.0860179599380384,8.388078653007096e-07,8.547135022570301e-07,1.3701663623342781e-06
447,0.4300000000000002,1,0.08601944066795979,2.424264148954626e-07,2.4434035052693716e-07,3.6062990255873605e-07
448,0.4300000000000002,1,0.08805833310307029,0.0013113597945762943,0.0013208211490836096,0.0017359774987566053
449,0.4300000000000002,1,0.08855333766420007,0.0015160044128143064,0.001532572668774655,0.0021143815803406647
450,0.4300000000000002,2,0.08776706002118033,0.0006581861022737824,0.000668358841472782,0.001002682891531505
451,0.4300000000000002,1,0.08718574116829388,0.00023368210321112856,0.00023220449711510086,0.00028416068136290955
452,0.4300000000000002,1,0.08754848093673168,0.0005551287131280831,0.0005547582034918009,0.0006925460529860389
453,0.4300000000000002,1,0.08719637452784541,8.100227619169307e-07,8.267548306601584e-07,1.1859952616956894e-06
454,0.4400000000000002,1,0.08718784162762795,2.3620774939577449e-07,2.3832605458878507e-07,3.208709896071016e-07
455,0.4400000000000002,1,0.0882485183517654,0.0013613520214315613,0.0013715241130452548,0.0015924336772834345
456,0.4400000000000002,1,0.08803821760169481,0.0015731552077225324,0.0015913321815499894,0.001928447919826028
457,0.4400000000000002,1,0.08702072723444901,0.0002759185982271372,0.0002810147557666091,0.00039829095549861516
458,0.4400000000000002,1,0.0867853234575107,0.0006317465820113641,0.0006294915196858575,0.0007325335623407401
459,0.4400000000000002,1,0.08655027455813961,1.180473197055153e-06,1.203274952931211e-06,1.4517435940951055e-06
460,0.45000000000000023,1,0.08654779657004615,3.414768467329234e-07,3.4378508494611816e-07,3.939346600349755e-07
461,0.45000000000000023,1,0.08697273485778703,0.0014516407486848692,0.001464303716955343,0.0015530505778832645
462,0.45000000000000023,1,0.08635483180490626,0.0016763297272544395,0.0016979861600892635,0.0018664341262967506
463,0.45000000000000023,1,0.08560586794409435,0.00030504896165206227,0.00031201499131113414,0.00039488253528500327
464,0.45000000000000023,1,0.08483014739279256,0.0006552471368257199,0.0006536331103231426,0.0006948378810648307
465,0.45000000000000023,1,0.08459637515701089,1.2673557830031484e-06,1.2932527658652927e-06,1.4213434964833306e-06
466,0.46000000000000024,1,0.08458567885875694,3.619747407525146e-07,3.645930142568074e-07,3.843334966382007e-07
467,0.46000000000000024,1,0.08447998880740591,0.001506157638491475,0.0015190698968826353,0.0014677269529955917
468,0.46000000000000024,1,0.0834837341175311,0.0017486877893987454,0.0017709714700208214,0.001755010065805565
469,0.46000000000000024,1,0.08295182438239475,0.0003214780911263534,0.0003290125346842488,0.0003675757745808841
470,0.46000000000000024,1,0.08167441471039015,0.0006796322407670248,0.0006781942415007683,0.0006640412233725354
471,0.46000000000000024,1,0.08145240218514116,1.3213404761896139e-06,1.3481561850786007e-06,1.337152311533674e-06
472,0.47000000000000025,1,0.08142984533773946,3.748166299613886e-07,3.7749151168539503e-07,3.644989934327802e-07
473,0.47000000000000025,1,0.08085779863655593,0.001564380673262904,0.001576987808275167,0.0013978350819708746
474,0.47000000000000025,1,0.07950500154092784,0.0018266715742802381,0.0018481934109141282,0.001662672783662905
475,0.47000000000000025,1,0.07916086984199701,0.0003379474521319286,0.00034551719550224964,0.0003411382618195053
476,0.47000000000000025,1,0.07736069771390497,0.000706041730318267,0.0007039412666943083,0.0006371716099493578
477,0.47000000000000025,1,0.07716280648691816,1.378594387374522e-06,1.4051583256049374e-06,1.264756374967192e-06
478,0.48000000000000026,1,0.07713391971577778,3.882683198402217e-07,3.9079224612501175e-07,3.4821874646565746e-07
479,0.48000000000000026,1,0.076029962001343,0.001628180948940104,0.001639348162187109,0.0013467001206885962
480,0.48000000000000026,1,0.07429532327241851,0.0019133438039240717,0.0019326385870720058,0.0015933187344694304
481,0.48000000000000026,1,0.07416801268122318,0.0003575562222293866,0.00036473252337801263,0.00031989968629231254
482,0.48000000000000026,1,0.07180044293740681,0.0007359884747483191,0.0007333375323219202,0.0006152961796721365
483,0.48000000000000026,1,0.07163368054149494,1.4411024405082247e-06,1.4662292144824413e-06,1.2099413136011277e-06
484,0.49000000000000027,1,0.07160047034882325,4.0222801562061667e-07,4.044805431316657e-07,3.3609790380804684e-07
485,0.49000000000000027,1,0.06990285807596401,0.001695898077908382,0.0017054707747996493,0.0013133118158285232
486,0.49000000000000027,1,0.06780532475075655,0.0020072096862436555,0.0020241003349595246,0.0015476389053361399
487,0.49000000000000027,2,0.0670673768168414,0.0009076418948066654,0.0009192249712353212,0.0007068331308244855
488,0.49000000000000027,1,0.0678045887064776,0.0002737835496064469,0.00027288526295915185,0.00021521428193083223
489,0.49000000000000027,1,0.06471233936304535,0.0006912947399981368,0.0006924240957954437,0.0005361483813420239
490,0.49000000000000027,1,0.0644864688806348,1.085068737543491e-06,1.1043772302476857e-06,8.481185316240547e-07
491,0.5000000000000002,1,0.06444483700264216,3.0076818112046246e-07,3.0291476087870506e-07,2.4102756676737616e-07
492,0.5000000000000002,1,0.06207918330399869,0.0017314258294957524,0.0017381364960032248,0.00124599671044353
493,0.5000000000000002,1,0.05957705516669933,0.0020677095560240055,0.0020804050279153866,0.0014604510587881716
494,0.5000000000000002,2,0.05881526147754967,0.0009289615681664296,0.0009375556704883604,0.0006489401264590965
495,0.5000000000000002,1,0.05975555291839742,0.0002813362877392275,0.0002802192563671181,0.00021140248614615422
496,0.5000000000000002,1,0.0562083963146068,0.0007059660924341872,0.0007064856425504693,0.0005125190890985828
497,0.5000000000000002,1,0.056009792460522456,1.1036029581874224e-06,1.1192436110392936e-06,7.787662595155364e-07
498,0.5100000000000002,1,0.05596425172224335,3.05340531974072e-07,3.0703657379345355e-07,2.2578272817629063e-07
499,0.5100000000000002,1,0.053241632934385816,0.0018190520708442793,0.0018248447508796212,0.001248591246097138
500,0.5100000000000002,1,0.05068974548218937,0.002183376719888731,0.002193884981174107,0.0014565700374939297
501,0.5100000000000002,2,0.049993333165098144,0.000986808792484707,0.000993870854809379,0.0006378087694456102
502,0.5100000000000002,1,0.05096545811459444,0.0002903798457687164,0.00028914772744834447,0.00021269178662764444
503,0.5100000000000002,1,0.04742515972058607,0.0007265431908176789,0.0007275958012338366,0.0005096290066434
504,0.5100000000000002,1,0.04724444063673614,1.1709596046431312e-06,1.1843124675295047e-06,7.69196131246149e-07
505,0.5200000000000002,1,0.04719379326334297,3.2003291144451343e-07,3.2135500888150577e-07,2.2340110784294222e-07
506,0.5200000000000002,1,0.04466431200717788,0.0018893149349221783,0.0018942300935787131,0.0012733757314576364
507,0.5200000000000002,1,0.04257578828252577,0.002283737309768636,0.0022928659269157,0.0014844592982922022
508,0.5200000000000002,2,0.04200522692974251,0.0010431015377814008,0.0010492114520302956,0.0006470655247938918
509,0.5200000000000002,1,0.04274670436876741,0.00029682507754954834,0.0002958454407972388,0.00021573452286071022
510,0.5200000000000002,1,0.03988085448521121,0.0007390652494264532,0.0007399122622102697,0.0005146199455964566
511,0.5200000000000002,1,0.03971718648257251,1.2336352123728503e-06,1.2453714318759426e-06,7.804035883689125e-07
512,0.5300000000000002,1,0.039665944392970824,3.3296918276374133e-07,3.340253930073025e-07,2.252296661502291e-07
513,0.5300000000000002,1,0.038108765390703396,0.0019382384719437288,0.0019427958616688836,0.0013135244185512969
514,0.5300000000000002,1,0.037065909696625834,0.0023603318990163533,0.0023689461197474067,0.0015357521741164574
515,0.5300000000000002,2,0.036632318456831556,0.0010895341698082084,0.0010952830896239659,0.0006701852371203728
516,0.5300000000000002,1,0.036857288201362665,0.00030051771365666424,0.0002996518381355827,0.00022000607206434876
517,0.5300000000000002,1,0.03537933067555927,0.0007437755645769848,0.000743677037078449,0.0005262068805067857
518,0.5300000000000002,1,0.0352392793264693,1.2847340598308247e-06,1.2957300833359994e-06,8.067475310095434e-07
519,0.5400000000000003,1,0.03519841168495082,3.4291485485692536e-07,3.4387716786259763e-07,2.3048985150880262e-07
520,0.5400000000000003,1,0.035293287685708497,0.001962175787257516,0.0019665839197371437,0.001366677996760649
521,0.5400000000000003,1,0.03559765850475258,0.0024042173975882502,0.002413282010389594,0.0016063915272982936
522,0.5400000000000003,2,0.03525134922370684,0.0011194701180093343,0.0011254833546616749,0.0007047656177823384
523,0.5400000000000003,1,0.034840656640987344,0.0003008439635516696,0.00029997232486000583,0.00022543069019185014
524,0.5400000000000003,1,0.03505677323802902,0.0007397069629146004,0.0007391826407289393,0.0005438363790891713
525,0.5400000000000003,1,0.034940119612752445,1.3176888085579382e-06,1.3287438382456936e-06,8.453686421971171e-07
526,0.5500000000000003,1,0.03491885301601567,3.4882659165121587e-07,3.4986445457054524e-07,2.385912637737394e-07
527,0.5500000000000003,1,0.036682850557748434,0.0019615911162231335,0.0019671324383729455,0.00143174297206905
528,0.5500000000000003,1,0.03806450503464425,0.0024135444335902896,0.002424059870977676,0.001694179807688547
529,0.5500000000000003,2,0.037724067414695195,0.0011298581162360515,0.0011366059666272986,0.000749794359355156
530,0.5500000000000003,1,0.03683900229996841,0.0002982843212487295,0.0002974716935449463,0.0002319214623465834
531,0.5500000000000003,1,0.038345224041274766,0.0007281397834826964,0.0007278107036310773,0.0005680619808530111
532,0.5500000000000003,1,0.03824429365867373,1.3317013009684572e-06,1.343334022662366e-06,8.947565441757816e-07
533,0.5600000000000003,1,0.038241916592204266,3.5080712559506516e-07,3.5196199789969815e-07,2.490368259813782e-07
534,0.5600000000000003,1,0.04105885474086059,0.0019365431039230193,0.001943454487516469,0.0015079600849699768
535,0.5600000000000003,1,0.04298073026759461,0.0023857957539425764,0.0023984080903624626,0.0017978362568388472
536,0.5600000000000003,2,0.0426012305339941,0.0011189014206221886,0.0011266106201473448,0.000804309804143414
537,0.5600000000000003,1,0.041500630385918,0.0002928768404127675,0.0002924793724578701,0.0002399366970118007
538,0.5600000000000003,1,0.04362716024368491,0.0007093852720503356,0.0007099231412621898,0.0005985906664398868
539,0.5600000000000003,1,0.04352774570811413,1.3252390717010589e-06,1.3376255445137884e-06,9.53903643134316e-07
540,0.5700000000000003,1,0.043534753327064836,3.4889612630715896e-07,3.502287702291083e-07,2.614304908033655e-07
541,0.5700000000000003,1,0.04673860046491802,0.001889778191079264,0.0018979764900191988,0.0015944369203682045
542,0.5700000000000003,1,0.04877033074159279,0.0023249389495703016,0.0023389545985621992,0.0019161396528206943
543,0.5700000000000003,2,0.04835423246139026,0.0010889352939143612,0.0010972980541822186,0.0008672026381199369
544,0.5700000000000003,1,0.04722886619092086,0.00028517430748664445,0.0002850046862844397,0.0002497432640813154
545,0.5700000000000003,1,0.04944568160856339,0.0006852801628291732,0.0006864656371085605,0.0006335813041238277
546,0.5700000000000003,1,0.04933825097976039,1.300490124070303e-06,1.3128819005886004e-06,1.0216310425555874e-06
547,0.5800000000000003,1,0.04934549326960105,3.4353918432476775e-07,3.4499311902467556e-07,2.7552304294157526e-07
548,0.5800000000000003,1,0.05245776519273817,0.001824155800597623,0.0018325534289135715,0.0016885141074014925
549,0.5800000000000003,1,0.05432409807981749,0.002234817494347301,0.002248866349939127,0.00204598394105348
550,0.5800000000000003,2,0.053887298079245256,0.0010426346924696907,0.0010509185909358197,0.0009370435959531546
551,0.5800000000000003,1,0.05284994297045117,0.00027513417027470814,0.0002752425148636972,0.00026089646179653243
552,0.5800000000000003,1,0.054814030611305034,0.0006573031309357772,0.0006590060975474584,0.000671201037514472
553,0.5800000000000003,1,0.05469214396878733,1.2585569289474207e-06,1.2702643337698412e-06,1.096366370367703e-06
554,0.5900000000000003,1,0.05469488282393404,3.349259059018394e-07,3.3638084138264833e-07,2.910719055903333e-07
555,0.5900000000000003,1,0.05742799061483507,0.0017427085280395565,0.0017510097276178967,0.0017878690256640782
556,0.5900000000000003,1,0.058970004715795415,0.0021217744654199286,0.0021348608834596745,0.002184071605973643
557,0.5900000000000003,2,0.058513278887232775,0.0009835181897910503,0.0009913778426042092,0.001012139096833965
558,0.5900000000000003,1,0.057629840736613425,0.00026329162796435903,0.0002635433217113753,0.00027319253579276704
559,0.5900000000000003,1,0.05916799311644303,0.0006270893946718195,0.0006292559502070828,0.0007103972200967882
560,0.5900000000000003,1,0.059026070929796934,1.2018420750901285e-06,1.2121973302149724e-06,1.1764621897731806e-06
561,0.6000000000000003,1,0.05902243165009619,3.2325413783654367e-07,3.246259461679748e-07,3.076537542754462e-07
562,0.6000000000000003,1,0.061259799511498625,0.0016497073148511244,0.0016575734934628115,0.001888919649943544
563,0.6000000000000003,1,0.06242740243146988,0.0019933503003502643,0.002005294940813751,0.002325595769901546
564,0.6000000000000003,2,0.061948204813859896,0.0009159298177174281,0.0009230035789311724,0.001089987404533954
565,0.6000000000000003,1,0.06124219440718813,0.0002503197974548154,0.0002507549082032416,0.00028659543636590636
566,0.6000000000000003,1,0.062336409011627326,0.0005957996504335459,0.0005978025343266785,0.0007505427367856633
567,0.6000000000000003,1,0.06217544174027505,1.1336747500218189e-06,1.1426573217978897e-06,1.2588647385959772e-06
568,0.6100000000000003,1,0.06216685815845392,3.0886702921519826e-07,3.100940872349037e-07,3.246450181323766e-07
569,0.6100000000000003,1,0.06396641268383842,0.0015496659948090708,0.0015560992054649934,0.0019875634551622494
570,0.6100000000000003,1,0.06480801004287541,0.0018569303991632263,0.0018662129023478652,0.00246387752745925
571,0.6100000000000003,2,0.06430427389756375,0.0008441539802993326,0.0008496760117659954,0.0011668969557079446
572,0.6100000000000003,1,0.06375555198404481,0.00023733939508657856,0.00023763840037472163,0.00030068157586173933
573,0.6100000000000003,1,0.06451255301959669,0.000563161537749589,0.0005650534907202828,0.0007890593666274578
574,0.6100000000000003,1,0.06433541253923501,1.0583846105933214e-06,1.0653188945292346e-06,1.3397764684039287e-06
575,0.6200000000000003,1,0.06432372526064466,2.9239218580378506e-07,2.934433407049465e-07,3.412675403227019e-07
576,0.6200000000000003,1,0.06584341460816252,0.0014453024399886695,0.001450298037299145,0.00207762486563945
577,0.6200000000000003,2,0.06510465250229036,0.0006038614350204116,0.0006067677947970777,0.0009256560447904648
578,0.6200000000000003,1,0.0659249130181213,0.001126637943549723,0.0011316328201537481,0.0017445113127617685
579,0.6200000000000003,1,0.06532097786425137,0.0001614978121883729,0.00016185317644729983,0.0002726871106373541
580,0.6200000000000003,1,0.06583944048533635,0.0005675353680058571,0.0005692014362104024,0.0009667668914633437
581,0.6200000000000003,1,0.06573344172862854,9.17980952989283e-07,9.22792964851971e-07,1.3205821913304616e-06
582,0.6300000000000003,1,0.06573114313403337,2.6704809380265177e-07,2.6784411534789633e-07,3.47309972330743e-07
583,0.6300000000000003,1,0.06732257379878533,0.001422041344432257,0.0014271619065770718,0.002294513753301553
584,0.6300000000000003,2,0.06640219217556073,0.0005754037619616465,0.0005781740884066919,0.0010166276388105056
585,0.6300000000000003,1,0.06720503942804275,0.001057048780003303,0.0010616374298945696,0.001880060476803724
586,0.6300000000000003,1,0.06659352777662064,0.0001526924677582702,0.00015307039389079278,0.00029801242565182727
587,0.6300000000000003,1,0.06706218616720178,0.0005200276898088319,0.0005208275152215115,0.0009876659915519512
588,0.6300000000000003,1,0.0669410528054875,8.786844712299977e-07,8.830307599944182e-07,1.4521260200999643e-06
589,0.6400000000000003,1,0.06693801262937198,2.5869013109517177e-07,2.5950913269147985e-07,3.7716696749352676e-07
590,0.6400000000000003,1,0.06857620182740229,0.0013178661895385856,0.0013218388653794145,0.0023835089339069126
591,0.6400000000000003,2,0.06758848520670832,0.0005234741704932671,0.0005257344796796053,0.0010619320956716425
592,0.6400000000000003,1,0.06838502171735719,0.0009669523942748979,0.0009704823396572373,0.001955293864375769
593,0.6400000000000003,1,0.06778820442835644,0.0001424563756698092,0.00014252147226225323,0.0003128882911036102
594,0.6400000000000003,1,0.06823375577367839,0.00048466574009532477,0.0004853963179792359,0.0010102437691694186
595,0.6400000000000003,1,0.0681171071472418,8.077440318200997e-07,8.112579074570596e-07,1.521630931970317e-06
596,0.6500000000000004,1,0.06811295076028007,2.4202013845495407e-07,2.427239141844738e-07,3.924214385344094e-07
597,0.6500000000000004,1,0.06976856169046944,0.0012266892307823203,0.0012301964547235021,0.0024507400315664863
598,0.6500000000000004,2,0.06871724652735842,0.00047738958911717555,0.00047932036660277135,0.001096535932250404
599,0.6500000000000004,1,0.06948174903013116,0.0008912185105354014,0.0008941499630484735,0.0020105175681575473
600,0.6500000000000004,2,0.06918565293841522,0.00036124051508261304,0.0003626973942807486,0.0009555434535508314
601,0.6500000000000004,1,0.06888611849418103,0.0002399786470208598,0.00024003804813411798,0.0003857839382751229
602,0.6500000000000004,1,0.06909833100685628,0.0004020270943448296,0.00040184537730205815,0.0008306651836446809
603,0.6500000000000004,1,0.06888350046349112,5.210726305355907e-07,5.232113781772923e-07,1.1707143633521715e-06
604,0.6600000000000004,1,0.0688616116438588,1.6596141728502004e-07,1.664438771417493e-07,3.025671459559219e-07
605,0.6600000000000004,1,0.07031569774712038,0.0011196649004895712,0.0011221732692966286,0.0023888044605439125
606,0.6600000000000004,2,0.06912827183780267,0.0004154547270887359,0.00041673045989690477,0.001052107447289582
607,0.6600000000000004,1,0.06972750049659523,0.0008131504259188024,0.0008147144354946431,0.0019662387181855643
608,0.6600000000000004,1,0.06915895477916505,0.00013023526881139751,0.00012972422667925648,0.00030771282374312815
609,0.6600000000000004,1,0.06923565257202827,0.0004542955204457998,0.0004532116402137255,0.0010169107019393545
610,0.6600000000000004,1,0.06908933590468645,6.628963837023841e-07,6.65456586383753e-07,1.5385850353947802e-06
611,0.6700000000000004,1,0.06907744305315774,2.0772226269074622e-07,2.0823355174825006e-07,3.9980309771232975e-07
612,0.6700000000000004,1,0.07032107265690261,0.0011295953787953245,0.0011314675903901631,0.0024909217421465154
613,0.6700000000000004,2,0.06913156341582566,0.00042268676914567616,0.0004238421628623825,0.0011113881086116356
614,0.6700000000000004,1,0.06952418274044224,0.0008217698167389692,0.0008226643066882587,0.0020318374247132566
615,0.6700000000000004,2,0.06913961082911863,0.00032541848062551585,0.0003257417209970918,0.0009625742400335238
616,0.6700000000000004,1,0.06902411291190111,0.00023334344211660993,0.0002328398226693845,0.0003903926166249202
617,0.6700000000000004,1,0.06870304748141859,0.0004128912173074106,0.0004107045500145564,0.0008143669026936045
618,0.6700000000000004,1,0.06845923516065935,4.5425447371647606e-07,4.561799145329614e-07,1.2005796459826867e-06
619,0.6800000000000004,1,0.06842867090340889,1.470919075790952e-07,1.4749207502816373e-07,3.1151220866885764e-07
620,0.6800000000000004,1,0.06921418593591251,0.001140206313845933,0.0011404008343466807,0.002354943426682503
621,0.6800000000000004,2,0.06796713326358274,0.0004212592963435377,0.00042191761686213565,0.0010331935100523697
622,0.6800000000000004,1,0.06806228688447946,0.0008495366321959414,0.0008491601678890996,0.001921283884403221
623,0.6800000000000004,1,0.06769069918311782,0.00013330773392241946,0.0001322076736238536,0.00029877026041419234
624,0.6800000000000004,1,0.06712278943434394,0.0004991138627185446,0.0004962612759973247,0.000975039715669151
625,0.6800000000000004,1,0.06695281003645907,6.66953982800035e-07,6.691047683154092e-07,1.5249767232928743e-06
626,0.6900000000000004,1,0.06693232138320286,2.043414254900375e-07,2.0443974179252276e-07,3.9887014611458055e-07
627,0.6900000000000004,1,0.0673935175026507,0.0012525904845938466,0.0012509240312728706,0.0024080462077801994
628,0.6900000000000004,2,0.06619174312966705,0.00048128221934605844,0.0004815171777540037,0.0010651697045142745
629,0.6900000000000004,1,0.06603794665352383,0.0009433503876122711,0.0009420101560249351,0.001940368409389193
630,0.6900000000000004,1,0.06581307644200159,0.0001401569429964615,0.0001389568837732007,0.0003083132139830017
631,0.6900000000000004,1,0.06497596425524953,0.0005362815815598581,0.0005327209078414792,0.000941829492063108
632,0.6900000000000004,1,0.06481200202859218,7.433833113194856e-07,7.448959117354548e-07,1.5561786310079343e-06
633,0.7000000000000004,1,0.06478761226197406,2.1882894267589024e-07,2.185457298694254e-07,4.0492477540126133e-07
634,0.7000000000000004,1,0.06490927121870181,0.0013740789966679072,0.0013707169951267019,0.0023295766469777087
635,0.7000000000000004,2,0.06375958011342367,0.0005451964842210642,0.0005450499366215624,0.0010303695229199699
636,0.7000000000000004,1,0.06338376044009086,0.0010514212052827024,0.0010494135203888025,0.0018664917031369433
637,0.7000000000000004,1,0.06328606110596564,0.00015022269463284927,0.0001493185606788978,0.0002933566427303474
638,0.7000000000000004,1,0.062212307148010154,0.0005803267433959339,0.0005764788788408246,0.0009060933633972041
639,0.7000000000000004,1,0.06205512805388082,8.312932779649135e-07,8.320594936328321e-07,1.5090793354268544e-06
640,0.7100000000000004,1,0.062028408207936196,2.3627693748516406e-07,2.3564198025214667e-07,3.955624609142652e-07
641,0.7100000000000004,1,0.061885483741599634,0.0015094629594286123,0.0015048302792165108,0.002258908493926633
642,0.7100000000000004,2,0.060774557625137185,0.0006148111641201018,0.0006145129370497611,0.000993344228457858
643,0.7100000000000004,1,0.060247399885903025,0.0011687576302013725,0.0011664393456801373,0.0017987337352093312
644,0.7100000000000004,1,0.06023423894276271,0.00016376270847019505,0.00016335941885337095,0.0002805878972990759
645,0.7100000000000004,1,0.05897550674875326,0.0006259986769634715,0.0006219199634223686,0.0008624201190774848
646,0.7100000000000004,1,0.058826752245332646,9.295270324847495e-07,9.296200557555321e-07,1.4590724634015716e-06
647,0.7200000000000004,1,0.05879912430033891,2.5708700141232903e-07,2.5612889134348664e-07,3.851931685581424e-07
648,0.7200000000000004,1,0.05844644706134838,0.001647336609244094,0.0016414739835261432,0.0021454581683544166
649,0.7200000000000004,2,0.05738537650599241,0.0006852392543978993,0.0006848126214762656,0.0009369797191790392
650,0.7200000000000004,1,0.05673630444756191,0.0012867640485128835,0.0012840830067595828,0.0016952752988843886
651,0.7200000000000004,1,0.05680490043032246,0.00017966354567106833,0.00017982468440024105,0.00025957080251460033
652,0.7200000000000004,1,0.05540509162269889,0.0006707655450280752,0.0006663417334982625,0.0008184027616374893
653,0.7200000000000004,1,0.055270200499647246,1.0293575266650635e-06,1.028770673443203e-06,1.3836209410096812e-06
654,0.7300000000000004,1,0.05524251993128804,2.788542622641825e-07,2.7760759748852787e-07,3.6977964053965246e-07
655,0.7300000000000004,1,0.05473625778308299,0.0017783337097880508,0.001771643129951071,0.0020512587032529275
656,0.7300000000000004,2,0.05372429908540577,0.0007525597233713719,0.00075188500238587,0.0008879835779101899
657,0.7300000000000004,1,0.05299142339907617,0.0013990948147158272,0.001396095783568787,0.001608534489395561
658,0.7300000000000004,1,0.053116110585805884,0.00019663406545212546,0.0001971102455737651,0.00024415771511331356
659,0.7300000000000004,1,0.05160150172615692,0.0007120482146843833,0.0007073522556326326,0.0007715416241114153
660,0.7300000000000004,1,0.0514785544140935,1.1246124016689845e-06,1.123618308204504e-06,1.3159814240410573e-06
661,0.7400000000000004,1,0.051450219657619124,2.997808134369222e-07,2.9832430283071547e-07,3.5505339343425174e-07
662,0.7400000000000004,1,0.05080557444654524,0.0018965685352604442,0.0018886667154701746,0.0019283240053615763
663,0.7400000000000004,1,0.049729548716050315,0.0022713318290506603,0.0022650983614721037,0.0023078876938234846
664,0.7400000000000004,2,0.0490182712568295,0.0010508025639418322,0.0010505634343382052,0.0010678551890779548
665,0.7400000000000004,1,0.049386512854533875,0.00026039678618187907,0.00025929633451530267,0.00028243515500032566
666,0.7400000000000004,1,0.047797416537753726,0.0006781258387053969,0.0006734800153134891,0.0007114876893751126
667,0.7400000000000004,1,0.04760702991206202,1.2998520545880397e-06,1.2990878930626394e-06,1.3390117577837174e-06
668,0.7500000000000004,1,0.0475695205182601,3.2845260337393617e-07,3.269549124352912e-07,3.500752893697247e-07
669,0.7500000000000004,1,0.04664841902251579,0.0018618216030034333,0.0018569285715385742,0.0017107577354441676
670,0.7500000000000004,1,0.04554497727550766,0.002291985605995158,0.002290162825211576,0.0020652344313481794
671,0.7500000000000004,2,0.0450044787401774,0.0010772732527870997,0.0010789356483310191,0.0009558179049942578
672,0.7500000000000004,1,0.04537578577667909,0.0002632915560250926,0.00026261760650981154,0.00026218195727242794
673,0.7500000000000004,1,0.04369859636308834,0.0006833614000734905,0.0006795555882200523,0.0006469150080519533
674,0.7500000000000004,1,0.04355086790845108,1.2974181902441996e-06,1.2992061050577782e-06,1.1828797399352292e-06
675,0.7600000000000005,1,0.04351319679319334,3.2611952659092035e-07,3.2505386349092e-07,3.1549948327939537e-07
676,0.7600000000000005,1,0.04250480967119965,0.0019132624778597385,0.0019094565584319024,0.0016092015372977787
677,0.7600000000000005,1,0.04145404428733713,0.002372519401131951,0.0023723260669119527,0.0019377115061892604
678,0.7600000000000005,2,0.04098008903340934,0.001122468070887315,0.001125184359221564,0.0008876004874060106
679,0.7600000000000005,1,0.04132220719085931,0.00027186407377630833,0.00027145615727710166,0.0002498687448266873
680,0.7600000000000005,1,0.03969190695954757,0.0007056821981716888,0.0007021755844362917,0.0006117361330122295
681,0.7600000000000005,1,0.03955262911808814,1.345679138106928e-06,1.3485050149459402e-06,1.1034088144640717e-06
682,0.7700000000000005,1,0.03951539730766385,3.362405005502084e-07,3.3536926924719615e-07,2.975461346196414e-07
683,0.7700000000000005,1,0.03859815773793969,0.0019603000034828784,0.00195903077919582,0.0015284576595790025
684,0.7700000000000005,1,0.03773439204147979,0.002438234783244248,0.0024414640731177362,0.0018307396371978167
685,0.7700000000000005,2,0.037322163298294006,0.0011586491803778744,0.0011629727266980394,0.0008324435981598099
686,0.7700000000000005,1,0.037567968196912827,0.0002806185448660461,0.00028032431643933517,0.00024013465829236775
687,0.7700000000000005,1,0.03622272343685595,0.0007250695728185991,0.0007220389268029661,0.0005843456838320829
688,0.7700000000000005,1,0.036096223981141935,1.3873270245835202e-06,1.3921736448800987e-06,1.0376058752435688e-06
689,0.7800000000000005,1,0.036062604922543054,3.45515816057274e-07,3.449976893963947e-07,2.820703430348323e-07
690,0.7800000000000005,1,0.03556676213507244,0.001996064206538449,0.001997779634738381,0.0014635436903258818
691,0.7800000000000005,1,0.035130003169401514,0.0024857295131195,0.0024928262334804933,0.0017455272485031104
692,0.7800000000000005,2,0.03476985957729485,0.001182943334077392,0.0011893227475718666,0.0007876626178260623
693,0.7800000000000005,1,0.03480942062378774,0.0002881639140704296,0.0002877843244651167,0.00023264254685590808
694,0.7800000000000005,1,0.03411548333919881,0.0007404554282853273,0.0007381490436713504,0.0005628083612012001
695,0.7800000000000005,1,0.03400464849705874,1.4187736230693091e-06,1.4260912106257838e-06,9.831036536255084e-07
696,0.7900000000000005,1,0.033978969087406025,3.529114047734525e-07,3.5275780829335354e-07,2.6879689651249124e-07
697,0.7900000000000005,1,0.034324117943371944,0.002015376576648594,0.002019741474633155,0.0014174774522392587
698,0.7900000000000005,2,0.033793145105829606,0.0008961972840478999,0.0009009162315855716,0.0005886184113442812
699,0.7900000000000005,1,0.03415813442359588,0.0016625292227815808,0.0016697713571099495,0.0011128848547579584
700,0.7900000000000005,1,0.03381366793347172,0.00024894799543501855,0.00025031968037675134,0.00016639826809848108
701,0.7900000000000005,1,0.034109437259396934,0.0008433774532575058,0.000842572726880173,0.0005998807612092579
702,0.7900000000000005,1,0.0340577721946347,1.3338977190534547e-06,1.342537711521187e-06,8.832213341883577e-07
703,0.8000000000000005,1,0.034051045024362674,3.468005904028052e-07,3.469029214201595e-07,2.521997242231393e-07
704,0.8000000000000005,1,0.035587200166886705,0.00215719818646812,0.0021657370515918866,0.0014623220803581562
705,0.8000000000000005,2,0.035009386719936475,0.0009443798584134287,0.0009516594966162288,0.0005933593344105243
706,0.8000000000000005,1,0.036185726130869025,0.0017158879976921966,0.0017261305081922593,0.0011097049646344186
707,0.8000000000000005,1,0.03546681574010901,0.0002581413463542109,0.0002604675947353607,0.0001643035612099562
708,0.8000000000000005,1,0.0367770941592221,0.0008283481860703456,0.000827756205534909,0.0005847874583686273
709,0.8000000000000005,1,0.03674022859918384,1.4042923936895758e-06,1.4162471631632654e-06,8.918018073248258e-07
710,0.8100000000000005,1,0.03674727341819652,3.6464265169691393e-07,3.651273534077112e-07,2.5471812194231934e-07
711,0.8100000000000005,1,0.039347365259043664,0.0021555936597886555,0.0021662502570475536,0.001453118319304388
712,0.8100000000000005,2,0.03873005534123658,0.0009405904668017347,0.0009490982136941112,0.0005854539721017242
713,0.8100000000000005,1,0.04055651364197703,0.0017050094423761587,0.001717473550478455,0.0010997164855050942
714,0.8100000000000005,1,0.03954029817114573,0.0002557458434297863,0.00025831549954649923,0.00016178539080929748
715,0.8100000000000005,1,0.041612731553111806,0.0008165119479724783,0.0008164312049983867,0.000584985447197983
716,0.8100000000000005,1,0.041581829407405714,1.404159354815808e-06,1.4184447449519021e-06,8.840644722055127e-07
717,0.8200000000000005,1,0.04159782626573186,3.6655082665650786e-07,3.673580616698439e-07,2.5293072244084994e-07
718,0.8200000000000005,1,0.0449138312926501,0.002129225305779085,0.002142306379043849,0.0014669769390332006
719,0.8200000000000005,2,0.04422672885749664,0.0009245827169995101,0.0009342100791364566,0.0005888775362343696
720,0.8200000000000005,1,0.04642153267031092,0.001674353352987413,0.0016888103162877482,0.0011098004862819524
721,0.8200000000000005,1,0.04522364797697276,0.0002505293300016386,0.00025325408802182975,0.0001625581793681637
722,0.8200000000000005,1,0.04765673679119404,0.0007973777391392271,0.0007979444631829132,0.0005914443372261055
723,0.8200000000000005,1,0.04762049539965857,1.3839690327841843e-06,1.4003475704570701e-06,8.89955287404275e-07
724,0.8300000000000005,1,0.04763932187517758,3.640284358122876e-07,3.651900915170035e-07,2.544236281359551e-07
725,0.8300000000000005,1,0.0512490731655582,0.002077311920591932,0.0020928401214887105,0.0014893087570974734
726,0.8300000000000005,2,0.05047668886649143,0.0008972360735139652,0.0009078273803177101,0.0005981218304841209
727,0.8300000000000005,1,0.052739265560039085,0.0016242385771737626,0.001640454501175586,0.0011284875393310148
728,0.8300000000000005,1,0.05149454182132509,0.0002420712059969104,0.00024469844483920313,0.00016449743804001577
729,0.8300000000000005,1,0.05391538895616989,0.0007731810806111416,0.0007742365241979742,0.000604966787913354
730,0.8300000000000005,1,0.05386710275369981,1.3473355704524626e-06,1.366065998444861e-06,9.040083764835601e-07
731,0.8400000000000005,1,0.053884631320947264,3.5775713072985834e-07,3.5938677911688505e-07,2.579330031552086e-07
732,0.8400000000000005,1,0.057427494562019024,0.002014906826361173,0.002033567471951598,0.0015318470325084552
733,0.8400000000000005,2,0.05656594383141821,0.0008638828484673885,0.0008757798138138602,0.0006172538863052725
734,0.8400000000000005,1,0.058664158315834776,0.0015648199563839517,0.0015832163068979165,0.0011646058425065795
735,0.8400000000000005,1,0.057470280414522096,0.0002317746129346671,0.00023452017445622103,0.00016924228251498035
736,0.8400000000000005,1,0.05958859693650005,0.0007457614028924887,0.0007475064040917115,0.0006232679646469524
737,0.8400000000000005,1,0.05952223200415514,1.3014080525311825e-06,1.3225685942805827e-06,9.309240450410939e-07
738,0.8500000000000005,1,0.05953590185312398,3.491804766752567e-07,3.5138356686044765e-07,2.6419283334550547e-07
739,0.8500000000000005,1,0.06270760640332093,0.001941752903163759,0.0019629823336924403,0.0015804739458720738
740,0.8500000000000005,1,0.06418326561631857,0.0023098557121989565,0.0023426208171663586,0.0018406390399069762
741,0.8500000000000005,2,0.06351986362842114,0.001060005852304891,0.0010796019527597293,0.0008085311435925564
742,0.8500000000000005,1,0.06265934563705709,0.00028054101837160576,0.00028119513258122164,0.00024297247727881306
743,0.8500000000000005,1,0.06433673495686561,0.0007106066622392825,0.0007175299487025418,0.0005901046305975604
744,0.8500000000000005,1,0.06413654722774409,1.3520780397979055e-06,1.3786078591678113e-06,1.024218702649896e-06
745,0.8600000000000005,1,0.06412901258184252,3.512984319435755e-07,3.5446537287285926e-07,2.78136100266286e-07
746,0.8600000000000005,1,0.0665232181944222,0.0017481857826947343,0.0017693584468576452,0.0015575133958795554
747,0.8600000000000005,1,0.06754280918800859,0.002099531421137522,0.0021329156551681103,0.0018510146594853257
748,0.8600000000000005,2,0.06698218484541983,0.0009623587353637097,0.0009818050962446666,0.0008246686338997406
749,0.8600000000000005,1,0.06631849390693306,0.0002639222157983954,0.0002646222267213698,0.00024477164577758653
750,0.8600000000000005,1,0.06733859348154209,0.0006537400342929892,0.000660583202566009,0.0006000991502327019
751,0.8600000000000005,1,0.06715721281989775,1.2122431354829076e-06,1.2383505579237095e-06,1.01731108986733e-06
752,0.8700000000000006,1,0.06714561761562365,3.219058097245415e-07,3.253794573524153e-07,2.749361013268014e-07
753,0.8700000000000006,1,0.06880350279327115,0.0016691224367077007,0.0016922675613137335,0.0016152951524757797
754,0.8700000000000006,1,0.06930398314791071,0.001999753431481605,0.00203537909445694,0.0019368450739619706
755,0.8700000000000006,2,0.06871687595593139,0.0009063762587578169,0.000926618284899326,0.0008704578529146144
756,0.8700000000000006,1,0.06829727380168363,0.00025502518492211677,0.00025585252479854483,0.0002520443633669868
757,0.8700000000000006,1,0.06861129199939638,0.0006264925143004224,0.0006341135149754413,0.000627159035691172
758,0.8700000000000006,1,0.06841035028992282,1.1468010491788612e-06,1.1740444464817597e-06,1.0636992690793205e-06
759,0.8800000000000006,1,0.06839445252975458,3.086928103982249e-07,3.1263465997200723e-07,2.843720344774653e-07
760,0.8800000000000006,1,0.06926678537431295,0.001613068338186024,0.0016372463275435018,0.0016906980418069325
761,0.8800000000000006,1,0.06919642188474726,0.0019240601689938495,0.0019603570770318733,0.002041404816607721
762,0.8800000000000006,2,0.0685917348657694,0.0008654791090419858,0.0008859811128753122,0.0009270164861202566
763,0.8800000000000006,1,0.06843302313047818,0.0002480076263276237,0.00024904921617369466,0.00026139631861854355
764,0.8800000000000006,1,0.06799946980976554,0.0006052328424944049,0.0006137345176787325,0.0006588997743508787
765,0.8800000000000006,1,0.06778365993809125,1.0972587918724933e-06,1.1248279093873832e-06,1.1228488759124684e-06
766,0.8900000000000006,1,0.06776135906194725,2.9836732372363493e-07,3.025796710547238e-07,2.9665704332331854e-07
767,0.8900000000000006,1,0.06785328489505443,0.001572550956043753,0.001596047660297787,0.0017762160815316041
768,0.8900000000000006,1,0.06720765226370941,0.001870649209193489,0.0019058578279339399,0.0021603100034699426
769,0.8900000000000006,2,0.06657643015270914,0.0008362222204764181,0.0008560385187230522,0.0009909904748131614
770,0.8900000000000006,1,0.06668998730823071,0.00024269151393445547,0.00024375307761686962,0.0002721306239815174
771,0.8900000000000006,1,0.06551788843991209,0.0005890907584259477,0.0005975691870979358,0.0006943202911144209
772,0.8900000000000006,1,0.06529142354617598,1.0607824048071786e-06,1.0869252397781125e-06,1.190994661407135e-06
773,0.9000000000000006,1,0.06526455428172306,2.9026098705911844e-07,2.943618122397178e-07,3.1050201328613094e-07
774,0.9000000000000006,1,0.06461327786959534,0.0015474774420319336,0.0015698385593936155,0.0018670201519601
775,0.9000000000000006,1,0.06341785357297125,0.0018368270070533497,0.0018701666345530238,0.002285725725013778
776,0.9000000000000006,2,0.06276608129112178,0.0008177002645078044,0.0008366465772501102,0.001059005819422748
777,0.9000000000000006,1,0.06315184877019768,0.00023886337034468444,0.0002400537620695585,0.00028400098665077764
778,0.9000000000000006,1,0.06127716420575034,0.000576520802659391,0.0005846847740657548,0.0007298801692056726
779,0.9000000000000006,1,0.06105400570904259,1.0356421511059556e-06,1.060195846994095e-06,1.2626147001483097e-06
780,0.9100000000000006,1,0.06102125943019715,2.843323394571309e-07,2.8827984675485523e-07,3.251757977925085e-07
781,0.9100000000000006,1,0.059661722038401616,0.001537234126235206,0.0015580799006298493,0.0019603967554149286
782,0.9100000000000006,1,0.05797079089779596,0.001823041860871997,0.0018542844588165942,0.002415942184072296
783,0.9100000000000006,2,0.05731402386405888,0.0008095973056344513,0.0008275143206932596,0.0011299033322490525
784,0.9100000000000006,1,0.05796136709936899,0.00023688901303994873,0.00023806405260839043,0.00029691380586451807
785,0.9100000000000006,1,0.05543153092370605,0.0005679342344949945,0.0005761123939721261,0.0007652766082508447
786,0.9100000000000006,1,0.0552289531705651,1.0229372631763459e-06,1.0454956896218195e-06,1.3382533784251655e-06
787,0.9200000000000006,1,0.05519271141227766,2.8094710421493706e-07,2.8463337568946554e-07,3.4058514272536605e-07
788,0.9200000000000006,1,0.05316908841657403,0.001540471909039417,0.0015594344965069683,0.0020507202790084208
789,0.9200000000000006,2,0.052337147194557315,0.0006332656384743805,0.0006445196626959168,0.0009005000727352721
790,0.9200000000000006,1,0.05044413032753492,0.001202745797993522,0.0012214363887729477,0.0016987883535443228
791,0.9200000000000006,1,0.05114154864189792,0.0001667236739804949,0.00016931669456436794,0.0002605872102541011
792,0.9200000000000006,1,0.048069874753794824,0.0006354443677173005,0.0006414763837844342,0.0009228094154441327
793,0.9200000000000006,1,0.047934939957233684,9.665026474374226e-07,9.843934694772183e-07,1.3203215417555138e-06
794,0.9300000000000006,1,0.047898091174138575,2.7416739569707127e-07,2.771111599905717e-07,3.4609009770651307e-07
795,0.9300000000000006,1,0.04537792069164641,0.0016413842043312458,0.0016608212837801771,0.0022677879758289617
796,0.9300000000000006,2,0.04452649864283125,0.0006662950154545837,0.0006777423043460032,0.0009913184313484376
797,0.9300000000000006,1,0.042273571496908545,0.0012442694976410877,0.001262349574397074,0.0018335053824277646
798,0.9300000000000006,1,0.043167308657299945,0.00016951393829973735,0.00017241370241593326,0.00028384293485439113
799,0.9300000000000006,1,0.039631899821002896,0.0006322348254821142,0.000637929949415131,0.0009434404590784229
800,0.9300000000000006,1,0.039503941511487596,1.0138788646386172e-06,1.0309509281709215e-06,1.4513941833510462e-06
801,0.9400000000000006,1,0.03945999347674767,2.864534883981825e-07,2.8925211205516954e-07,3.7596048112064273e-07
802,0.9400000000000006,1,0.03644967618418578,0.0016742558799495268,0.0016910681637294033,0.002361527459069635
803,0.9400000000000006,2,0.03568656189546161,0.0006792188023593774,0.0006894278280545114,0.0010387294999202532
804,0.9400000000000006,1,0.03314577359736475,0.0012675421036224036,0.001283554174263906,0.0019127064093347069
805,0.9400000000000006,1,0.03421739410303976,0.0001698075985339181,0.00017272320723886524,0.00029861714788401037
806,0.9400000000000006,1,0.030401943547842758,0.0006389232327583213,0.0006445661733776787,0.0009687676974183665
807,0.9400000000000006,1,0.030281728617543836,1.0365414287130835e-06,1.0511456472794682e-06,1.5231182965837713e-06
808,0.9500000000000006,1,0.030229160330436055,2.919454782768167e-07,2.942590797114965e-07,3.9149029299563013e-07
809,0.9500000000000006,1,0.02697107151939345,0.0017132431845721943,0.0017274332819908955,0.002435520621269944
810,0.9500000000000006,2,0.026340376286202016,0.0006963981811339683,0.0007051017981511926,0.0010769786543566885
811,0.9500000000000006,1,0.02379003839048583,0.0012966562367027399,0.0013106682707910201,0.001974810636654471
812,0.9500000000000006,1,0.024889233650385815,0.00017182954728551156,0.00017449540830733888,0.00031268411791110897
813,0.9500000000000006,1,0.02121106683190703,0.0006442588076372211,0.0006492499023585909,0.0009837000322246165
814,0.9500000000000006,1,0.021090220040153443,1.0627468434364598e-06,1.0749255987298014e-06,1.5778351021506486e-06
815,0.9600000000000006,1,0.02103041377311243,2.980824912876457e-07,2.9995914790085503e-07,4.0321808060622196e-07
816,0.9600000000000006,1,0.018239466290700983,0.0017428323021603054,0.0017541231554406911,0.0024715111806294433
817,0.9600000000000006,2,0.017780262289245313,0.0007116040119130635,0.0007187403566510171,0.001098177938365248
818,0.9600000000000006,1,0.016043910822009188,0.0013195971838100573,0.0013312696414405018,0.0020042918574122745
819,0.9600000000000006,2,0.015946218463958814,0.0005684357438570435,0.0005753611937786783,0.0009451036452306809
820,0.9600000000000006,1,0.016629157293368578,0.00030596721249163104,0.00030670047139034714,0.0003911168636735556
821,0.9600000000000006,1,0.014336913973607153,0.0005398486954135011,0.0005436076064541857,0.0008057895132442582
822,0.9600000000000006,1,0.014206817211620572,7.633997507227433e-07,7.71981739152935e-07,1.1918251546956755e-06
823,0.9700000000000006,1,0.014157291235503999,2.1698166603493763e-07,2.1845192836019452e-07,3.0570261854586764e-07
824,0.9700000000000006,1,0.013989216444529447,0.0017188906765275617,0.001728277420554384,0.002389082702962344
825,0.9700000000000006,2,0.013662124341497613,0.000687436752316403,0.0006932683584702406,0.001043117867274813
826,0.9700000000000006,1,0.014590128134154848,0.0013054072883692276,0.0013151454365850424,0.0019426973626941524
827,0.9700000000000006,1,0.014006898820735957,0.00017069466793671195,0.00017231801782526682,0.00030310748664768455
828,0.9700000000000006,1,0.015468659449002107,0.0006514707836629874,0.000655065776690608,0.0009764799159191541
829,0.9700000000000006,1,0.015436759295879517,1.0716915275282755e-06,1.0796936919282131e-06,1.5573635659572194e-06
830,0.9800000000000006,1,0.015440529964039816,3.020384790229296e-07,3.0319698057030704e-07,4.0187778826928275e-07
831,0.9800000000000006,1,0.018929432343823292,0.0017748590974599964,0.0017831196110421343,0.0024544457334671004
832,0.9800000000000006,2,0.018703534829480457,0.0007239674015138331,0.0007293319270263889,0.0010854146014063362
833,0.9800000000000006,1,0.021542980364703045,0.001337968362372646,0.0013467208520530638,0.0019775025115830983
834,0.9800000000000006,1,0.02014843513168632,0.000176898520032311,0.0001785173792118702,0.00031951051514011823
835,0.9800000000000006,1,0.023565669169374245,0.0006430291899102087,0.0006457497521313323,0.0009556305359700336
836,0.9800000000000006,1,0.023577491918061785,1.1102132464910743e-06,1.117528138181715e-06,1.5988542211027967e-06
837,0.9900000000000007,1,0.023610722765721574,3.098127277964341e-07,3.1085913893600673e-07,4.097315460914916e-07
838,0.9900000000000007,1,0.0282354013832769,0.001769664303288026,0.0017771372605196027,0.002394872990851638
839,0.9900000000000007,2,0.02790549992803272,0.0007267744430699279,0.0007316808231200301,0.0010606956411944501
840,0.9900000000000007,1,0.031127931346705814,0.0013333144875240734,0.0013413331775568697,0.0019208854685987687
841,0.9900000000000007,1,0.029556935041548608,0.00017739858203441822,0.0001787715535548417,0.00031084931253638233
842,0.9900000000000007,1,0.03328315861987651,0.000634844138809261,0.0006371000288284392,0.0009276368384084775
843,0.9900000000000007,1,0.033297146162920836,1.1107858881575872e-06,1.117723737890194e-06,1.5627357542527379e-06
