pseudo-steps, tcurr,n,res,res_p,res_u,res_v,res_w,min,min_p,min_u,min_v,min_w,max,max_p,max_u,max_v,max_w
12,0.01,12,0.04264020351841344,0.03797999314045663,0.0019418896461768603,0.0019420133946085453,0.0007763073371714075,0.00014285086970412578,0.00014285086970412578,0.0003224452155364929,0.0003224452155364929,0.0003224452155364929,0.0003224452155364929,0.0003224452155364929,0.0003224452155364929,0.0003224452155364929,0.0003224452155364929
21,0.02,9,0.07823883255096366,0.0759273791018829,0.0008795721571529395,0.0008801323253125825,0.0005517489666152335,9.412641308717526e-05,9.412641308717526e-05,0.0004476412453781304,0.0004476412453781304,0.0004476412453781304,0.0004613445488080732,0.0004613445488080732,0.0004613445488080732,0.0004613445488080732,0.0004613445488080732
182,0.03,161,0.10849930132340335,0.10788328744189526,0.00020551669967605344,0.0002054650936703249,0.00020503208816170123,4.278689775603177e-05,4.278689775603177e-05,0.0003406850770753586,0.0003302766343295888,0.0003863189374089787,0.01679880506736433,0.004265969802762579,0.01679880506736433,0.01536259203374092,0.016704451253999324
201,0.04,19,0.10205075640535617,0.09739284364463381,0.0013395460979654741,0.001346241696297721,0.001972124966459157,3.4124778071352506e-05,3.4124778071352506e-05,0.0003374314548937545,0.00034720864048166423,0.0003409694083221826,0.012434276395939567,0.0031890751341699677,0.00948164344187887,0.009435929098432399,0.012434276395939567
216,0.05,15,0.10112613239931957,0.09991675399024652,0.0004119582567680412,0.00041213860021964974,0.00038528155208537157,4.091902495675364e-05,4.091902495675364e-05,0.00031607436003929814,0.00032435386334210434,0.00031716385739546346,0.010372380866571844,0.002381731771189848,0.007871372590280114,0.007848934171504817,0.010372380866571844
277,0.060000000000000005,61,0.10028865153397637,0.09960991590108241,0.00022146811012456724,0.00022156430715407937,0.0002357032156153172,4.236518873686561e-05,4.236518873686561e-05,0.0003413281061457612,0.0003485729517389281,0.00031601324312529976,0.013689879603585137,0.002671515596172513,0.011845933553042523,0.012590951407373383,0.013689879603585137
306,0.07,29,0.10050794406273135,0.09963941629311679,0.0002868922152772898,0.00028716057511134587,0.0002944749792259291,3.8031382835174514e-05,3.8031382835174514e-05,0.000382043647080905,0.000374362673363098,0.00032727616232326625,0.014429833877985342,0.002268829455603296,0.008803519001779883,0.008837131478815182,0.014429833877985342
364,0.08,58,0.10052483356424174,0.09986719171255366,0.00021427043952238647,0.00021573951653511514,0.00022763189563057012,4.2123866608170116e-05,4.2123866608170116e-05,0.0003549171672152391,0.0003511753405271432,0.00032159637418933805,0.016274467593828543,0.00327075394599581,0.010968243988553634,0.010769258805819021,0.016274467593828543
384,0.09,20,0.10082310060468723,0.0997002346599117,0.0003747939353652966,0.00037520562287747885,0.0003728663865327653,3.743319938875441e-05,3.743319938875441e-05,0.0003541547755427958,0.0003272201372083061,0.00035025907062344433,0.013122465067396082,0.002236872091877472,0.009169111077080518,0.008500043060930565,0.013122465067396082
408,0.09999999999999999,24,0.10067233023109051,0.09973528000007208,0.00031298957137658326,0.0003124831380386268,0.0003115775216032293,3.78843016588618e-05,3.78843016588618e-05,0.0003113825115230746,0.0003155325344992306,0.0002968181818725804,0.013909574471874818,0.002277479229804575,0.010132073986829438,0.009647209249375503,0.013909574471874818
424,0.10999999999999999,16,0.10052921454512494,0.09935018264028143,0.0003963066858891672,0.00039385186762988603,0.00038887335132445307,3.8390716978425364e-05,3.8390716978425364e-05,0.00031259906054939156,0.0002945432825294532,0.0003251164413900267,0.012187156531612106,0.0019083344421859806,0.008774469032007811,0.008372068290898383,0.012187156531612106
442,0.11999999999999998,18,0.10074079617377651,0.09975893244035236,0.00033039073588773206,0.0003300249215806257,0.00032144807595580496,3.82420591485231e-05,3.82420591485231e-05,0.00033201912765170547,0.0003054302210875677,0.0003594912561993975,0.012319222086389341,0.001964344253719787,0.008768626002064808,0.009313674548465923,0.012319222086389341
480,0.12999999999999998,38,0.10059242384434552,0.09999472884679496,0.00020328572572813553,0.0002033866881262895,0.00019102258369613532,3.6848792560357015e-05,3.6848792560357015e-05,0.0003827826939681129,0.00038877052674714523,0.0003674237085004462,0.013771798144104216,0.002711047086540048,0.010306089924590565,0.009557840144875391,0.013771798144104216
521,0.13999999999999999,41,0.10052724484213849,0.09988693338016891,0.0002178422773237094,0.00021688162075468248,0.00020558756389117743,3.847848556510698e-05,3.847848556510698e-05,0.0003591461594563743,0.00036583657433658884,0.00037142269033678654,0.01415129097363192,0.002635731648807784,0.00931213489437939,0.008862908462281197,0.01415129097363192
541,0.15,20,0.10043891575013557,0.09943895722246784,0.00033374269017095716,0.00033240307105686563,0.0003338127664398963,4.2652225441746906e-05,4.2652225441746906e-05,0.00036535194164608254,0.00031340838149993916,0.00034182907181836867,0.012480762273454718,0.0025307130221022206,0.007607024119295901,0.007870565839836526,0.012480762273454718
551,0.16,10,0.10053491637223638,0.09956934035487122,0.00031831822957372233,0.0003173348626618129,0.00032992292512962467,4.1504852363105574e-05,4.1504852363105574e-05,0.000303428673310235,0.0003254742616266903,0.00033666251052821876,0.011856703083170411,0.002215140267151178,0.007099897373563026,0.007004895627630907,0.011856703083170411
556,0.17,5,0.10140248317233291,0.09967585119357068,0.0005775576481008468,0.0005761203701017185,0.0005729539605596772,4.2262439345704006e-05,4.2262439345704006e-05,0.0002622009336161748,0.00027525430273412114,0.0002974375312925162,0.010159518711704557,0.001938506214446846,0.006871549709368381,0.006551029806305445,0.010159518711704557
561,0.18000000000000002,5,0.10186350740577643,0.09998730837776161,0.0006343179066681504,0.0006352555253656187,0.0006066255959810506,4.18980239581053e-05,4.18980239581053e-05,0.00023438693320102354,0.00022847450609192265,0.000278210964980301,0.009933766620046225,0.001843098213260929,0.006408288512485613,0.00602839082849438,0.009933766620046225
565,0.19000000000000003,4,0.10324562239296829,0.09923977894712477,0.001361376960751945,0.0013618685315024484,0.0012825979535891342,4.058107613928581e-05,4.058107613928581e-05,0.0002314170770598271,0.00022448160717678233,0.00022203643914225864,0.009129692371281604,0.0017200846099007829,0.006140296500375394,0.005914628531481023,0.009129692371281604
569,0.20000000000000004,4,0.10139271999287262,0.09841498447526682,0.0010203683149813932,0.0010206323348728825,0.0009367348677515208,3.8870072073915465e-05,3.8870072073915465e-05,0.00019315965743883117,0.00019659059657999795,0.00018838629876766948,0.00870688326133646,0.0016746544825190252,0.005719050193618082,0.005787588778444488,0.00870688326133646
572,0.21000000000000005,3,0.10375526599132823,0.09805524045410824,0.0019046100557300607,0.0018993526991998811,0.001896062782290041,4.0875619021344875e-05,4.0875619021344875e-05,0.0001951894391017688,0.0001970802475011804,0.00018815883118750837,0.00818742657941038,0.0014848903855307874,0.005584107056959543,0.00553104239242994,0.00818742657941038
577,0.22000000000000006,5,0.10099570232769911,0.09795282246702394,0.0009974573295548341,0.000994310386570235,0.0010511121445501033,4.2022185124358095e-05,4.2022185124358095e-05,0.0001808043964503572,0.00018349692077453453,0.00018496206727454232,0.008385827043810985,0.0014532705770315014,0.0061282974986040005,0.005806225015996638,0.008385827043810985
581,0.23000000000000007,4,0.10366597106434731,0.09844321256776184,0.001654298804747117,0.001648410647957247,0.0019200490438811156,4.5012664126497166e-05,4.5012664126497166e-05,0.00019288631448444036,0.00019534507825865372,0.00017561336499436538,0.008307376981854846,0.0014628593068326356,0.005996668369806942,0.006285623892187634,0.008307376981854846
586,0.24000000000000007,5,0.10181966981222891,0.09908477872005397,0.0008263495657209672,0.0008245568931332762,0.0010839846333206863,4.808101284566535e-05,4.808101284566535e-05,0.00020348380506356078,0.0002004289566675021,0.0001931368838248668,0.008395026873373535,0.0014895608394277623,0.006293047606560935,0.006291453522904485,0.008395026873373535
597,0.25000000000000006,11,0.1006761370934479,0.0997600087744523,0.000290493628044445,0.0002906828438825347,0.00033495184706861767,4.6543034958827985e-05,4.6543034958827985e-05,0.00024284232715020385,0.00024178960812998955,0.00022153129801850312,0.010854023276590774,0.0018657871916937217,0.007238553972254309,0.006724023159558676,0.010854023276590774
607,0.26000000000000006,10,0.10053809206986324,0.09964093961777977,0.0002920551291798968,0.0002916939206993848,0.00031340340220417184,5.5078608921080825e-05,5.5078608921080825e-05,0.0002475858753544979,0.0002465374244576999,0.00022597810085204113,0.010645578741208554,0.0019417690088278303,0.007199515212326157,0.006441601624738742,0.010645578741208554
624,0.2700000000000001,17,0.10068343920691561,0.09991498178602354,0.0002551913800902902,0.00025463492855471077,0.00025863111224706933,4.432793080602588e-05,4.432793080602588e-05,0.000306174983501295,0.0003064075808640809,0.00026766343731070296,0.011875717634838088,0.0020707850881949404,0.0077490900745402136,0.007133823286795259,0.011875717634838088
643,0.2800000000000001,19,0.10066791851616423,0.09984612732690128,0.0002733646186001656,0.00027241505255452895,0.0002760115181082543,4.6924054904579194e-05,4.6924054904579194e-05,0.0003513033129855121,0.0003577554674048677,0.00029120984543337143,0.012365659797022597,0.0023787130884814537,0.006862361245838198,0.007063361861341713,0.012365659797022597
654,0.2900000000000001,11,0.10110461999792975,0.09997968657519635,0.00036814707345852934,0.00036779774887315126,0.00038898860040171884,5.038411828318113e-05,5.038411828318113e-05,0.0003030330455625238,0.00032320715171453774,0.00022331824210864072,0.010867683290692183,0.001986007486213038,0.006172078025035405,0.006513202879923928,0.010867683290692183
658,0.3000000000000001,4,0.10260954709939954,0.09905652893899289,0.0009958726579588917,0.0009951349335333693,0.0015620105689143887,4.7837508978801275e-05,4.7837508978801275e-05,0.00023987593259140318,0.00024781803958826926,0.0001674292076121425,0.009369924174424636,0.0018125784782057454,0.0055171616064425034,0.005467427205971456,0.009369924174424636
662,0.3100000000000001,4,0.1021689165998613,0.0997617657809443,0.0006193009574885635,0.0006172803617405368,0.0011705694996878965,4.499297977103547e-05,4.499297977103547e-05,0.0002041432098591706,0.0002020385453256006,0.0001367192367765056,0.009395363466817531,0.0015721204560754272,0.004971788268631529,0.004865657323384132,0.009395363466817531
666,0.3200000000000001,4,0.10374381020310258,0.09998496538385214,0.0010049583146109207,0.0010006680608963731,0.0017532184437431487,4.560313857713909e-05,4.560313857713909e-05,0.00021867091660993768,0.00021641647511746947,0.00014644876430009045,0.009139510014745687,0.0013230599408172838,0.004828502151469911,0.004939886742705462,0.009139510014745687
670,0.3300000000000001,4,0.10421136396657103,0.09983818825574453,0.0012114186221533075,0.0012037661157781566,0.0019579909728950364,4.859374932617677e-05,4.859374932617677e-05,0.00022154954956930492,0.00022558639240497018,0.0001476900377947251,0.008677563630962417,0.0011826706465619147,0.004832891721912844,0.004955875736245461,0.008677563630962417
674,0.34000000000000014,4,0.10379258465315186,0.09918001549054149,0.001340085490089393,0.0013276383735161812,0.0019448452990047903,4.669799602668109e-05,4.669799602668109e-05,0.00020321047598921487,0.00020094939373679666,0.00015001363421972985,0.007994244057276046,0.00118385802351395,0.005004741678784978,0.005236642870313641,0.007994244057276046
679,0.35000000000000014,5,0.10112888006669656,0.09810916888077298,0.0009189743862573195,0.0009032747202933874,0.001197462079372861,4.401399795524734e-05,4.401399795524734e-05,0.00018014268535510196,0.00018136822179057948,0.00014525149749449967,0.0074489564344807436,0.0012423690025770548,0.005226723980486769,0.005053172627982537,0.0074489564344807436
682,0.36000000000000015,3,0.09941242398494068,0.09430411525182025,0.0015775714363738895,0.0015667212682977517,0.001964016028448785,4.5277458269941845e-05,4.5277458269941845e-05,0.0001854330849645365,0.0001866946127446906,0.0001495172186593635,0.0070045482487813135,0.0010920362132049294,0.005065351186515552,0.004918481352946016,0.0070045482487813135
687,0.37000000000000016,5,0.09271032633502545,0.08947353910793612,0.0010485071629408955,0.0010283376033617046,0.0011599424607867282,4.343366736438356e-05,4.343366736438356e-05,0.00017023951097133125,0.0001708490006813493,0.00015189990071089255,0.006588637521313515,0.001069635307549347,0.005165136732121535,0.00516157229269425,0.006588637521313515
690,0.38000000000000017,3,0.08800367726994697,0.08254543383047498,0.0017520338495012752,0.0017342887211325266,0.0019719208688381844,4.378734150949075e-05,4.378734150949075e-05,0.0001752390758472389,0.00017586646494694062,0.00015636087104565767,0.006310736209030201,0.0010683437733101013,0.0051298518816187385,0.005002211028302609,0.006310736209030201
694,0.3900000000000002,4,0.08097698465014648,0.07538252254000459,0.0018573122268101345,0.0018315545856121653,0.0019055952977195796,4.360163860046467e-05,4.360163860046467e-05,0.0001764596491657701,0.00017492116537737496,0.000167488181542112,0.006289110689822726,0.0010886011131298428,0.005205615579944232,0.004894769005479061,0.006289110689822726
699,0.4000000000000002,5,0.07446878892342092,0.07099262221603372,0.0012271544284873266,0.0012048002269930992,0.0010442120519067683,4.0309648273275356e-05,4.0309648273275356e-05,0.0001615639911042281,0.00016075380465555312,0.00016581816962855673,0.006403905662445391,0.0010945524071593981,0.005143188983983787,0.005048037903233427,0.006403905662445391
702,0.4100000000000002,3,0.07441709189664879,0.06888162158151598,0.0018783818563570765,0.001861689327262992,0.001795399131512733,4.149345513760074e-05,4.149345513760074e-05,0.00016630877479473216,0.0001654747949288379,0.00017068788930721488,0.00620618790406844,0.0010639060938183718,0.0050413511051800985,0.004722214767013082,0.00620618790406844
706,0.4200000000000002,4,0.0761031063055809,0.07046750673161867,0.001995894501303673,0.0019673451213095905,0.0016723599513489514,4.444630744520883e-05,4.444630744520883e-05,0.00016529537489067252,0.00016857533908346169,0.00017076385833579214,0.006258790441104919,0.0010937416517564527,0.005326876201836115,0.004618363213287913,0.006258790441104919
711,0.4300000000000002,5,0.07795105251239359,0.0751979292218852,0.001006779622202428,0.0009924197970262634,0.0007539238712797087,4.5914998487624336e-05,4.5914998487624336e-05,0.00016806378075073596,0.00016998150505449173,0.00016871603013463837,0.006548723227553691,0.0010945871251809422,0.0051966035737900105,0.004593411557192226,0.006548723227553691
716,0.4400000000000002,5,0.08537377775792099,0.0824388211766092,0.0011272840404997924,0.0011087908721338158,0.0006988816686781844,4.3614937182946305e-05,4.3614937182946305e-05,0.00016370056969412854,0.00016683793983301288,0.00017022520966585838,0.006449892660962557,0.0011403948805221724,0.0052708771144759515,0.004650485649488016,0.006449892660962557
719,0.45000000000000023,3,0.09572295789980238,0.09054376752199556,0.0019323059875210832,0.0019162330200897882,0.0013306513701959405,4.096145248517649e-05,4.096145248517649e-05,0.0001685081000596655,0.00017173760794882638,0.00017522435454347005,0.006339233814719035,0.0011390179074323168,0.004956414148274942,0.004671607412958266,0.006339233814719035
724,0.46000000000000024,5,0.10196418425508126,0.09863764819757567,0.0013258839917441902,0.0012987675765996887,0.0007018844891617159,3.9268149809040455e-05,3.9268149809040455e-05,0.00015591766929996456,0.00015500292879232878,0.00016209763499923033,0.006346282540844439,0.0011747940836593213,0.0050437681308306715,0.004321381158033222,0.006346282540844439
738,0.47000000000000025,14,0.10072423002178578,0.09987191197541699,0.00027266783108396086,0.000272297425886027,0.00030735278939880456,5.733516962595931e-05,5.733516962595931e-05,0.0002486602533293748,0.00024720140900864705,0.0002585161717974086,0.00855063802632142,0.0016607015687659212,0.005517606701048405,0.00551199424430139,0.00855063802632142
742,0.48000000000000026,4,0.10193773081011832,0.09948514746306107,0.0009166620511894916,0.0009022198204584753,0.0006337014754092852,5.058121392819588e-05,5.058121392819588e-05,0.0001854893079667056,0.0001844010760524378,0.00020595787611826127,0.007699841676166203,0.0013727538520156351,0.005030937379124479,0.005233396616585995,0.007699841676166203
747,0.49000000000000027,5,0.10114037163319106,0.09960146641868435,0.0005457675124789053,0.0005413449111994451,0.0004517927908283513,4.984938277968265e-05,4.984938277968265e-05,0.00018284138562196263,0.00018144499455939193,0.00022606270859006197,0.007371985165371298,0.0013709530581324557,0.0051908268749188075,0.00499326800211693,0.007371985165371298
750,0.5000000000000002,3,0.10448970154991731,0.09937944934473614,0.0018882713039449148,0.0018627418447843011,0.001359239056451955,4.72757907771091e-05,4.72757907771091e-05,0.00017106289448295955,0.00017078814249500893,0.00020036198316249212,0.0069411524514777926,0.0011991611006069468,0.005076416257196043,0.0044205771766624045,0.0069411524514777926
755,0.5100000000000002,5,0.10286593178435156,0.09990983628055529,0.0011135367280548862,0.001091479641223512,0.0007510791345178747,4.670885173902042e-05,4.670885173902042e-05,0.00016164131366183283,0.0001616039320015168,0.0001806670763309705,0.006935844771738038,0.0011425875855835205,0.004927336643297246,0.004694574648724614,0.006935844771738038
764,0.5200000000000002,9,0.10088421584717377,0.09996989435738872,0.0003114003419770555,0.000310319870091007,0.0002926012777169903,5.3995096386635626e-05,5.3995096386635626e-05,0.0002112690761501989,0.00021122021742305168,0.00022470790037328774,0.008534779994076038,0.0014013810223802734,0.005538846204862983,0.005916398830412236,0.008534779994076038
770,0.5300000000000002,6,0.10101260830135529,0.09975189062244291,0.0004229433971571241,0.0004212846428106971,0.0004164896389445549,5.417571257625914e-05,5.417571257625914e-05,0.0002023760570245461,0.00020424947683383787,0.0002081639641017956,0.008441771329153613,0.0013108878007706485,0.005664263006516819,0.0057963069641843775,0.008441771329153613
775,0.5400000000000003,5,0.10197939254657683,0.09991044804048964,0.0006950035235694888,0.000690068985469068,0.0006838719970486218,5.06627308065181e-05,5.06627308065181e-05,0.00017751445961594706,0.00017643922091805148,0.0001822991930721447,0.008340536222591791,0.001236303754282887,0.005694787557562517,0.005325989505690533,0.008340536222591791
779,0.5500000000000003,4,0.10409330513627475,0.09966167777881371,0.0014761717969798665,0.0014642866623076577,0.0014911688981735095,4.5708538314935044e-05,4.5708538314935044e-05,0.00016793057817740298,0.00017054389944717464,0.0001690298055185078,0.007683756059597465,0.001195642300894216,0.005230925335536984,0.005438618133248004,0.007683756059597465
783,0.5600000000000003,4,0.10276981334630769,0.09936413177136143,0.0011341028728523834,0.001123220199699476,0.0011483585023943997,4.219912143384625e-05,4.219912143384625e-05,0.00014515465617608776,0.0001514618048727261,0.00014660618458029248,0.007295389142784953,0.0011705973114800126,0.004981392138688182,0.005203756970711019,0.007295389142784953
787,0.5700000000000003,4,0.10118479199420399,0.09825699485736085,0.0009497605711407172,0.0009425580511636288,0.0010354785145388133,4.520219198296639e-05,4.520219198296639e-05,0.00015548448433882393,0.0001574214527360645,0.00015237477578003636,0.0065212786875615885,0.0011685505371272556,0.005275664927863093,0.005091985961440933,0.0065212786875615885
791,0.5800000000000003,4,0.09866178337948092,0.09559007680452297,0.0009851639500701153,0.0009792001723299291,0.0011073424525578984,4.568758317258198e-05,4.568758317258198e-05,0.00015665829965287513,0.00015889458591044597,0.0001536662770865212,0.005705356335850292,0.0011698726006977884,0.005483249310219083,0.005215794070314268,0.005705356335850292
795,0.5900000000000003,4,0.0943156973671756,0.09129177174693708,0.0009474690683124288,0.0009427580065635654,0.0011336985453625184,4.470626384674638e-05,4.470626384674638e-05,0.00015599896827501504,0.0001579267260334672,0.000158531618979608,0.005877104427264728,0.0012159041975811431,0.005180343021287112,0.005267648095170342,0.005877104427264728
800,0.6000000000000003,5,0.08810567237277862,0.08536898489456984,0.0008394745614747431,0.0008351329524793371,0.0010620799642547002,4.421042649690705e-05,4.421042649690705e-05,0.00015915942870468462,0.00015849377977678763,0.00016251451648494297,0.00580662522689663,0.0012380980650382673,0.005500392808603966,0.005697220621000825,0.00580662522689663
804,0.6100000000000003,4,0.08179563857445105,0.07697765017586271,0.0014403042417964716,0.0014333141371127864,0.001944370019679085,4.525799497764343e-05,4.525799497764343e-05,0.0001623142254020201,0.00016810001867272696,0.00017034888064722527,0.006139151145031895,0.001156625485078285,0.005603282464176784,0.006139151145031895,0.005796296366928662
809,0.6200000000000003,5,0.06766820049313764,0.06517756237170932,0.0007056747960774244,0.0007007384597957374,0.0010842248655551516,4.770217584600312e-05,4.770217584600312e-05,0.00017231343138635725,0.00017401614874390097,0.00016963585361549677,0.006251208910013002,0.0011712079158143673,0.005466238022686342,0.006251208910013002,0.005801135872539597
814,0.6300000000000003,5,0.055476839819082115,0.05298866359559162,0.0006829452750829867,0.0006774974928606017,0.0011277334555469063,4.528761238250586e-05,4.528761238250586e-05,0.00017752662127844742,0.00017738849393411014,0.00016760155263198593,0.0058201412295541275,0.0012438574767295145,0.005403360071027794,0.00581478693185184,0.0058201412295541275
820,0.6400000000000003,6,0.04437152051773571,0.04216923754553777,0.0005888429912597418,0.000583250335928357,0.0010301896450098456,4.611395310823259e-05,4.611395310823259e-05,0.00017984777608742841,0.00018124142895679427,0.00016502065645999724,0.005983832212813801,0.0013254174767254035,0.00572539021469447,0.005800753246950066,0.005983832212813801
825,0.6500000000000004,5,0.03762511123304314,0.0353581381938187,0.000600040217275838,0.000594423637299452,0.0010725091846491511,4.771767932630049e-05,4.771767932630049e-05,0.00018654622458362112,0.00018389182560324573,0.00016484693584870041,0.006075450847815515,0.001433504221126347,0.005571784443557405,0.005768255320772641,0.006075450847815515
831,0.6600000000000004,6,0.04058354315353964,0.038397377561748595,0.0005684614504379643,0.0005618357899103479,0.0010558683514427336,4.7647473755707705e-05,4.7647473755707705e-05,0.00018058882496981368,0.00018346993961864262,0.0001602087304717556,0.0061432660769221254,0.001518938388793854,0.0059204121157346995,0.0061432660769221254,0.005866706082829364
836,0.6700000000000004,5,0.049717608627685345,0.04756168305804091,0.000561598392697521,0.0005562860159403853,0.0010380411610065256,4.707607743436901e-05,4.707607743436901e-05,0.00018949281050562153,0.00018808774307310528,0.00015828748109540362,0.006199059222455427,0.0014079159243489253,0.006199059222455427,0.006069595022390351,0.005967647464007582
842,0.6800000000000004,6,0.06196023455851805,0.059886009540988716,0.0005318785742139913,0.0005266755952659704,0.0010156708480493675,4.854692312902724e-05,4.854692312902724e-05,0.00018217072662240073,0.00018214626770570892,0.00016259635008983043,0.006498842205621897,0.0014722082362101114,0.006455329455711156,0.006498842205621897,0.005988989338043399
847,0.6900000000000004,5,0.07375642243953821,0.07172929360526804,0.0005269450430803428,0.0005242347566494913,0.000975949034540326,4.7959463825972116e-05,4.7959463825972116e-05,0.0001876020338758575,0.00018704369491678624,0.00016656931796779495,0.006300971945516297,0.001402234537628116,0.006004657003182671,0.006050626704258828,0.006300971945516297
852,0.7000000000000004,5,0.08430294499057953,0.08215191498427515,0.000555548662363711,0.000552935635400267,0.0010425457085403995,4.69775254761762e-05,4.69775254761762e-05,0.0001815112665967618,0.00018425923851539552,0.00016655807841503385,0.006518008253132476,0.001471538553855662,0.005600776045008149,0.005749348042703073,0.006518008253132476
857,0.7100000000000004,5,0.0922362071364733,0.09012968535047206,0.0005455467504330969,0.0005431230371375557,0.0010178519984306085,4.745857314577683e-05,4.745857314577683e-05,0.00017933455371274475,0.00018331942821768674,0.0001645606866166032,0.006840154183520454,0.001368804542585389,0.005411578243114872,0.005511676138117421,0.006840154183520454
862,0.7200000000000004,5,0.09730569446962606,0.09523133588691896,0.0005413697203886675,0.0005400543325810739,0.0009929345297373618,4.477018319188335e-05,4.477018319188335e-05,0.00017951872745979386,0.00018162016454343946,0.0001669879605141043,0.0069162640600760605,0.0013430512779569832,0.005483433076473786,0.005228625470126529,0.0069162640600760605
867,0.7300000000000004,5,0.09973395390786703,0.09767057274840579,0.000547110740079111,0.0005464636630911308,0.000969806756290994,4.771408947984242e-05,4.771408947984242e-05,0.0001792669635379722,0.0001837331181073562,0.00017258065490562,0.0066303530942471885,0.0014094302217529328,0.005618259507354127,0.005324184064667308,0.0066303530942471885
872,0.7400000000000004,5,0.10144432755142065,0.09892876396273724,0.0006606575877171363,0.0006616533706341305,0.0011932526303321445,4.393509774976282e-05,4.393509774976282e-05,0.00016688163967667582,0.00016979436545369692,0.00015630476003109498,0.0064611625755573495,0.0015243681389033468,0.0055508844177263456,0.005488776436503217,0.0064611625755573495
876,0.7500000000000004,4,0.10071619102108806,0.09839722990547846,0.0006475554727520638,0.0006486533983586704,0.0010227522444988663,4.017370875130758e-05,4.017370875130758e-05,0.0001787576532114019,0.0001818776610526324,0.0001637369528066985,0.006134590288640545,0.0012963816093008605,0.0051968524860238575,0.005248992137688745,0.006134590288640545
881,0.7600000000000005,5,0.09988185467354062,0.09737067666250306,0.0007055311886436234,0.0007046759152810637,0.0011009709071128733,4.5163276555358036e-05,4.5163276555358036e-05,0.00016468279161552864,0.0001733683537732151,0.00015368546465358962,0.005821575273865751,0.0013512369068206102,0.005792712451956781,0.005344801853634378,0.005821575273865751
884,0.7700000000000005,3,0.10057851043983455,0.09576890040411896,0.0014161009049878542,0.0014173670651629385,0.0019761420655648,4.8067316709001255e-05,4.8067316709001255e-05,0.0001695191677066587,0.00017845980597002304,0.0001581988731251931,0.005782113708880834,0.0012215314994411704,0.005447116548195523,0.0052227648222264314,0.005782113708880834
889,0.7800000000000005,5,0.09668554046109182,0.09372671104734633,0.0008999476324983602,0.0008991274814865037,0.0011597542997606302,4.923611683453359e-05,4.923611683453359e-05,0.00015960133030939024,0.00016600081081167168,0.00014715437498954845,0.006401015318002134,0.001234217700092158,0.005546542623814522,0.005160132569739388,0.006401015318002134
892,0.7900000000000005,3,0.09589365007420039,0.09100970624599469,0.001544649264641817,0.0015435531883173212,0.001795741375246562,4.394251742536555e-05,4.394251742536555e-05,0.00016428847491295608,0.00017087589426539458,0.00015147597953561515,0.0056668663108469875,0.0011807596928373703,0.005356324096781401,0.005153901952775055,0.0056668663108469875
896,0.8000000000000005,4,0.0910716242439265,0.08771762616090353,0.0011146792388063015,0.0011078443005832974,0.0011314745436333713,4.500782497571681e-05,4.500782497571681e-05,0.00015903312886492792,0.00016454543699376462,0.0001495777612953418,0.006070144832903048,0.001208176707171802,0.0050855946437924245,0.005197585502571462,0.006070144832903048
899,0.8100000000000005,3,0.08973115289268539,0.08409858183540442,0.0019171666024801828,0.001908908260233069,0.0018064961945677197,4.732859831009646e-05,4.732859831009646e-05,0.00016370358662553955,0.0001650632516693944,0.00015397053543644596,0.005707997184994129,0.0011251803966638167,0.005003067403523346,0.005350227305698818,0.005707997184994129
904,0.8200000000000005,5,0.08287128677009349,0.07972460693712836,0.0011282536154334926,0.0011171160472254788,0.0009013101703061601,4.7875676906878346e-05,4.7875676906878346e-05,0.00016187733071462875,0.00016464303155836867,0.00015212409551826675,0.0061871154146140835,0.0012145796907866015,0.0050110504659509275,0.005786534100676916,0.0061871154146140835
907,0.8300000000000005,3,0.07841275054279767,0.07334093978184707,0.0018061735436464708,0.001799499582218845,0.0014661376350852931,4.753096657446455e-05,4.753096657446455e-05,0.00016663131650928266,0.0001694782399829323,0.00015659164996783528,0.005817989247706477,0.0012029694413137305,0.004733932272552502,0.005607877416543199,0.005817989247706477
912,0.8400000000000005,5,0.06990742191095764,0.06663456953124619,0.00123114945079845,0.0012160273476184416,0.0008256755812945564,4.7244429550171e-05,4.7244429550171e-05,0.00015987437529180694,0.00016414086113748785,0.0001594499132514001,0.006063911395521542,0.001269390898080774,0.004938003892100922,0.005540626830651494,0.006063911395521542
915,0.8500000000000005,3,0.06315481029794782,0.057957601503754085,0.0019018511516287126,0.001887107538245992,0.0014082501043190404,4.7589296360821085e-05,4.7589296360821085e-05,0.0001645695386337717,0.00016896132190691762,0.00016413261106467368,0.005702135637369495,0.0011638154476155136,0.004643400296286192,0.00512529091738943,0.005702135637369495
920,0.8600000000000005,5,0.050592544247684564,0.04790123328708427,0.0009964408280749965,0.000982351265890544,0.0007125188666347504,5.110624997932485e-05,5.110624997932485e-05,0.0001709851842686458,0.00017029552558673494,0.00018295170441021247,0.005806216569740714,0.0011946208763232065,0.00500403652113793,0.00544542649452618,0.005806216569740714
925,0.8700000000000006,5,0.04203949408014569,0.03921880151329694,0.0010733233103656975,0.0010570214955534522,0.0006903477609296037,4.901887631780197e-05,4.901887631780197e-05,0.000171161111090952,0.0001715868639959911,0.00018370976918336031,0.005599925998606273,0.001171789709426807,0.005319520208950675,0.005599925998606273,0.005508191891520934
928,0.8800000000000006,3,0.036439169142565134,0.031216339467080308,0.0019209621012455636,0.001900904270017774,0.0014009633042214862,4.75627104090605e-05,4.75627104090605e-05,0.00017618774136173417,0.0001766259977053564,0.0001836248545866357,0.0054943430663512505,0.0012062026294344704,0.00542505298742902,0.00513024974781305,0.0054943430663512505
932,0.8900000000000006,4,0.03408326261799,0.02876137445856498,0.0019811519143832484,0.0019568191220769187,0.0013839171229648565,4.764576838835779e-05,4.764576838835779e-05,0.00017283255847285982,0.00017339970292716499,0.0001749622874288746,0.005707421917612452,0.0011644293562082049,0.005308528781713512,0.0048140744171635734,0.005707421917612452
937,0.9000000000000006,5,0.03546715120087501,0.032828272300888986,0.0009760550151055087,0.0009665509937744134,0.000696272891106102,4.9624376470477864e-05,4.9624376470477864e-05,0.00017247114510675167,0.00017132026524528936,0.0001746566263453689,0.00636182268010078,0.001259387647016609,0.005248369078117519,0.005165010913429835,0.00636182268010078
942,0.9100000000000006,5,0.04434487633867915,0.04137901253396204,0.0011154987780340319,0.0011083505336472888,0.0007420144930357952,4.6699616060531705e-05,4.6699616060531705e-05,0.00016931063812957944,0.00016839735012953968,0.0001647409873540576,0.006285530658931806,0.0013072494427924654,0.0052642868621853404,0.005103071255290996,0.006285530658931806
945,0.9200000000000006,3,0.0563620130405008,0.05121967404436032,0.0018568789381544688,0.0018457042106694457,0.0014397558473165665,4.7432055183026953e-05,4.7432055183026953e-05,0.00017428292402655137,0.00017334281474054496,0.00016957907252769506,0.00573497260710369,0.001292299435985466,0.0048475483305785855,0.004882089610809128,0.00573497260710369
950,0.9300000000000006,5,0.064853552080765,0.06144014888283527,0.001274667966313418,0.0012645400709660872,0.0008741951606502248,4.6863242196548985e-05,4.6863242196548985e-05,0.00016088660767721514,0.00015657989281538944,0.00015305472818459096,0.005497894967664759,0.0012768019691611798,0.005218969949510612,0.004697362858371737,0.005497894967664759
953,0.9400000000000006,3,0.07536578948313961,0.07041571097431416,0.001730630399691782,0.0017177615056244938,0.0015016866035091716,4.426907675424267e-05,4.426907675424267e-05,0.00016561149808695316,0.00016117830435878863,0.0001575496132953226,0.005169888011356625,0.0012006273732156562,0.004930070478955062,0.004691691014031026,0.005169888011356625
958,0.9500000000000006,5,0.08121467623344521,0.07783741501513314,0.0012240477898337373,0.00121197770834127,0.0009412357201370766,4.9344874198485134e-05,4.9344874198485134e-05,0.00015930479175607,0.0001572418224694307,0.00015964417313376583,0.005478549106458312,0.0012225423931979489,0.005032284239388457,0.004779049117152169,0.005478549106458312
961,0.9600000000000006,3,0.088261412630418,0.08344113415029507,0.001604659609313427,0.001594591105003155,0.0016210277658063655,4.7186847945530616e-05,4.7186847945530616e-05,0.00016398322766606008,0.00016185967344983115,0.00016433257593807902,0.004998675650012719,0.0013269484143726396,0.004876914686529116,0.004623751047273368,0.004998675650012719
965,0.9700000000000006,4,0.09063154851358075,0.08720487602620129,0.0011539408808045944,0.001144501463782135,0.0011282301427927464,4.6416119689149194e-05,4.6416119689149194e-05,0.00015968889115204163,0.00015877858646132914,0.00016082793955170027,0.005113963941468699,0.0012984470134889039,0.0048809486948947645,0.004790338530254792,0.005113963941468699
969,0.9800000000000006,4,0.0922781877996149,0.08957479896155464,0.0008463688425987009,0.0008409275841645614,0.0010160924112970007,4.632002247234873e-05,4.632002247234873e-05,0.00017105303783912683,0.0001700779519606901,0.00016715612167735117,0.005375695873041389,0.0012328184511865865,0.005375695873041389,0.004863145584913379,0.0050041215882754295
973,0.9900000000000007,4,0.09323578837668492,0.09049862347011503,0.0008285508030682907,0.0008226546848046053,0.0010859594186969884,4.961635402132088e-05,4.961635402132088e-05,0.0001752097074879263,0.00017151950221752914,0.00016520815237381668,0.005421259308378747,0.001206338858978213,0.005421259308378747,0.0051930756475880024,0.005132434170090148
